Index,Country,City,Hotel,Address,Popularity
1,CA,Montreal,Hotel Place d'Armes Old Montreal,"55 Rue Saint-Jacques, Montreal, Quebec, Canada",3385
2,CA,Montreal,Sofitel Montreal Golden Mile,"1155 Sherbrooke West, Montreal, Quebec, Canada",2873
3,CA,Montreal,InterContinental Montreal,"360 Rue St-Antoine Ouest, Montreal, Quebec, Canada",2693
4,CA,Montreal,Le Centre Sheraton Montreal Hotel,"1201 Boulevard Rene-Levesque West, Montreal, Quebec, Canada",2909
5,CA,Montreal,Le Westin Montreal,"270 Saint-Antoine Ouest, Montreal, Quebec, Canada",2223
6,CA,Montreal,"Vogue Hotel Montreal Downtown, Curio Collection by Hilton","1425 Rue De La Montagne, Montreal, Quebec, Canada",2088
7,CA,Montreal,Hotel Nelligan,"106, Rue Saint-Paul Ouest, Montreal, Quebec, Canada",3022
8,CA,Montreal,Montreal Marriott Chateau Champlain,"1050 de la Gauchetiere West, Montreal, Quebec, Canada",2415
9,CA,Montreal,Le Saint-Sulpice,"414 Saint-Sulpice, Montreal, Quebec, Canada",2869
10,CA,Montreal,Auberge du Vieux-Port,"97 Rue de la Commune East, Montreal, Quebec, Canada",2157
11,CA,Montreal,Hotel William Gray,"421 Rue St. Vincent, Montreal, Quebec, Canada",1085
12,CA,Montreal,Hotel Gault,"449 Sainte-Helene, Montreal, Quebec, Canada",1684
13,CA,Montreal,Novotel Montreal Centre,"1180 Rue de la Montagne, Montreal, Quebec, Canada",2215
14,CA,Montreal,Hotel Faubourg Montreal,"155 Rene Levesque Boulevard East, Montreal, Quebec, Canada",2017
15,CA,Montreal,Le St-Martin Hotel Particulier Montreal,"980 Boulevard de Maisonneuve Ouest, Montreal, Quebec, Canada",2029
16,CA,Montreal,Delta Hotels by Marriott Montreal,"475 President-Kennedy Avenue, Montreal, Quebec, Canada",2037
17,CA,Montreal,"The Ritz-Carlton, Montreal","1228 Sherbrooke St.West, Montreal, Quebec, Canada",1414
18,CA,Montreal,LHotel,"262 St Jacques West, Montreal, Quebec, Canada",1679
19,CA,Montreal,St Paul Hotel,"355 McGill Street, Montreal, Quebec, Canada",1982
20,CA,Montreal,Montreal Airport Marriott In-Terminal Hotel,"800 Place Leigh Capreol, Dorval, Quebec, Canada",1273
21,CA,Montreal,Le Square Phillips Hotel & Suites,"1193 Place Phillips, Montreal, Quebec, Canada",2711
22,CA,Montreal,Le Petit Hotel,"168 rue St-Paul Ouest, Montreal, Quebec, Canada",1325
23,CA,Montreal,Hotel Bonaparte,"447, rue Saint-Francois Xavier, Montreal, Quebec, Canada",1301
24,CA,Montreal,Hotel Bonaventure Montreal,"900 De La Gauchetiere W, Montreal, Quebec, Canada",3082
25,CA,Montreal,W Montreal,"901 Victoria Square, Montreal, Quebec, Canada",1611
26,CA,Montreal,Embassy Suites by Hilton Montreal,"208 Saint Antoine Ouest, Montreal, Quebec, Canada",2859
27,CA,Montreal,Hilton Garden Inn Montreal Centre-Ville,"380 Sherbrooke Street West, Montreal, Quebec, Canada",2489
28,CA,Montreal,SpringHill Suites by Marriott Old Montreal,"445 Rue Saint-Jean-Baptiste, Montreal, Quebec, Canada",1393
29,CA,Montreal,Hotel St-Denis,"1254 St-Denis, Montreal, Quebec, Canada",837
30,CA,Montreal,Courtyard by Marriott Montreal Downtown,"380 Rene-Levesque Boulevard West, Montreal, Quebec, Canada",1187
31,CA,Montreal,Sheraton Montreal Airport Hotel,"555 Boulevard McMillan, Dorval, Quebec, Canada",1143
32,CA,Montreal,Fairfield by Marriott Montreal Airport,"700 Avenue Michel Jasmin, Dorval, Quebec, Canada",711
33,CA,Montreal,Aloft Montreal Airport,"500 McMillan Ave, Dorval, Quebec, Canada",958
34,CA,Montreal,Best Western Ville-Marie Montreal Hotel & Suites,"3407 Peel St, Montreal, Quebec, Canada",1689
35,CA,Montreal,Hotel Le Germain Montreal,"2050, Rue Mansfield, Montreal, Quebec, Canada",860
36,CA,Montreal,Hotel 10,"10 Sherbrooke Ouest, Montreal, Quebec, Canada",911
37,CA,Montreal,Hotel Le Cantlie Suites,"1110 rue Sherbrooke Ouest, Montreal, Quebec, Canada",1159
38,CA,Montreal,Comfort Suites Downtown,"1214 Crescent St, Montreal, Quebec, Canada",925
39,CA,Montreal,Sandman Hotel Montreal-Longueuil,"999 rue de Serigny, Longueuil, Quebec, Canada",638
40,CA,Montreal,Hotel Le Dauphin Montreal Centre-Ville,"1025 de Bleury Street, Montreal, Quebec, Canada",1081
41,CA,Montreal,Hotel Zero 1,"1 Rene-Levesque Est, Montreal, Quebec, Canada",1457
42,CA,Montreal,Le Nouvel Hotel,"1740 Bld Rene Levesque West, Montreal, Quebec, Canada",1197
43,CA,Montreal,Bed & Breakfast du Village - BBV,"1279 Montcalm, Montreal, Quebec, Canada",738
44,CA,Montreal,Hampton Inn Suites by Hilton Montreal-Dorval,"1900 Trans-Canada Highway, Dorval, Quebec, Canada",912
45,CA,Montreal,Best Western Plus Montreal Downtown-Hotel Europa,"1240 Drummond St, Montreal, Quebec, Canada",1720
46,CA,Montreal,Hotel Omni Mont-Royal,"1050 Sherbrooke Street West, Montreal, Quebec, Canada",2711
47,CA,Montreal,Fairmont The Queen Elizabeth,"900 Blvd. Rene Levesque West, Montreal, Quebec, Canada",1513
48,CA,Montreal,Hotel Chrome Montreal Centre-Ville,"215 Rene-Levesque Blvd. East, Montreal, Quebec, Canada",1031
49,CA,Montreal,Hilton Montreal/Laval,"2225, Autoroute Des Laurentides, Laval, Quebec, Canada",724
50,CA,Montreal,Travelodge by Wyndham Montreal Centre,"50 Boul Rene Levesque West, Montreal, Quebec, Canada",1714
51,CA,Montreal,Hotel Le St-James,"355 St-Jacques, Montreal, Quebec, Canada",604
52,CA,Montreal,Epik Hotel Montreal,"171 rue Saint-Paul Ouest, Montreal, Quebec, Canada",486
53,CA,Montreal,Hotel Manoir Sherbrooke,"157 East Sherbrooke Street, Montreal, Quebec, Canada",573
54,CA,Montreal,Alt Hotel Montreal,"120, Rue Peel, Montreal, Quebec, Canada",630
55,CA,Montreal,"Holiday Inn Montreal Centreville Downtown, an IHG Hotel","999 Rue Saint-Urbain, Montreal, Quebec, Canada",655
56,CA,Montreal,SENS Hotel,"1808 Sherbrooke St W, Montreal, Quebec, Canada",810
57,CA,Montreal,L'Appartement Hotel,"455 Rue Sherbrooke Ouest, Montreal, Quebec, Canada",941
58,CA,Montreal,Hotel Monville,"1041 de Bleury street, Montreal, Quebec, Canada",739
59,CA,Montreal,Parc Suites Hotel,"3463 Avenue du Parc, Montreal, Quebec, Canada",585
60,CA,Montreal,Hilton Garden Inn Montreal Airport,"7880 Cote-De-Liesse, Montreal, Quebec, Canada",1051
61,CA,Montreal,Renaissance Montreal Downtown Hotel,"1250 Boulevard Robert-Bourassa, Montreal, Quebec, Canada",528
62,CA,Montreal,Hotel de l'ITHQ,"3535, St-Denis Street, Montreal, Quebec, Canada",742
63,CA,Montreal,Chateau de l'Argoat,"524 Rue Sherbrooke Est, Montreal, Quebec, Canada",580
64,CA,Montreal,Hotel Les Suites Labelle,"1205 rue Labelle, Montreal, Quebec, Canada",1062
65,CA,Montreal,Hotel Saint-Laurent Montreal,"191 Rene-Levesque Blvd East, Montreal, Quebec, Canada",601
66,CA,Montreal,Hotel Dauphin Montreal - Longueuil,"1055 rue Saint-Laurent West, Longueuil, Quebec, Canada",347
67,CA,Montreal,Best Western Laval-Montreal,"3655 Des Laurentides E, Laval, Quebec, Canada",505
68,CA,Montreal,Hampton Inn & Suites by Hilton Laval,"1961 Boulevard Cure-Labelle, Laval, Quebec, Canada",753
69,CA,Montreal,A la Carte Bed & Breakfast,"5477 10th Ave., Montreal, Quebec, Canada",452
70,CA,Montreal,Le Mount Stephen,"1440 Drummond Street, Montreal, Quebec, Canada",439
71,CA,Montreal,Hotel Espresso Montreal Centre-Ville/Downtown,"1005 Guy Street, Montreal, Quebec, Canada",891
72,CA,Montreal,Chateau Versailles,"1659 Sherbrooke Street West, Montreal, Quebec, Canada",704
73,CA,Montreal,Hotel De Paris,"901 Sherbrooke East, Montreal, Quebec, Canada",846
74,CA,Montreal,DoubleTree by Hilton Pointe Claire Montreal Airport West,"6700 Transcanada Highway, Pointe Claire, Quebec, Canada",415
75,CA,Montreal,Auberge de la Place Royale,"115 rue de la Commune West, Montreal, Quebec, Canada",407
76,CA,Montreal,Residence Inn by Marriott Montreal Downtown,"2045 Rue Peel, Montreal, Quebec, Canada",702
77,CA,Montreal,Holiday Inn & Suites Montreal Airport,"10888 Cote de Liesse, Montreal, Quebec, Canada",768
78,CA,Montreal,Hotel Chez Swann,"1444 rue Drummond, Montreal, Quebec, Canada",554
79,CA,Montreal,"Crowne Plaza Montreal Airport, an IHG Hotel","6600 Cote de Liesse, Montreal, Quebec, Canada",656
80,CA,Montreal,Le Relais Lyonnais,"1595 rue St Denis, Montreal, Quebec, Canada",453
81,CA,Montreal,Radisson Hotel Montreal Airport,"6500 Chemin De La Cote-De-Liesse, Montreal, Quebec, Canada",916
82,CA,Montreal,Hotel Birks Montreal,"1240 Phillips Square, Montreal, Quebec, Canada",406
83,CA,Montreal,Quality Inn & Suites P.E. Trudeau Airport-Montreal,"1010 Herron Road, Dorval, Quebec, Canada",416
84,CA,Montreal,DoubleTree by Hilton Montreal,"1255 Jeanne Mance Street, Montreal, Quebec, Canada",673
85,CA,Montreal,Auberge Les Bons Matins,"1401 Argyle, Montreal, Quebec, Canada",722
86,CA,Montreal,Hotel l'Abri du Voyageur,"9 rue Ste-Catherine Ouest, Montreal, Quebec, Canada",641
87,CA,Montreal,Hotel Ruby Foo's,"7655 Decarie Blvd, Montreal, Quebec, Canada",623
88,CA,Montreal,Hotel Universel Montreal,"5000 Sherbrooke Est, Montreal, Quebec, Canada",676
89,CA,Montreal,Le Terra Nostra,"277 Beatty Streett, Montreal, Quebec, Canada",240
90,CA,Montreal,Hotel 2170 Lincoln Downtown Montreal,"2170 Lincoln Avenue, Montreal, Quebec, Canada",678
91,CA,Montreal,Hotel Brossard,"7365 Marie-Victorin Blvd, Brossard, Quebec, Canada",587
92,CA,Montreal,Best Western Plus Hotel Montreal,"161 Rue Sainte-Catherine E, Montreal, Quebec, Canada",564
93,CA,Montreal,Chateau Vaudreuil Hotel & Suites,"21700 Route Transcanadienne, Vaudreuil-Dorion, Quebec, Canada",580
94,CA,Montreal,Lofts du Vieux-Port,"97 de la Commune Est, Montreal, Quebec, Canada",221
95,CA,Montreal,Angelica Blue Bed & Breakfast,"1213 Sainte Elizabeth, Montreal, Quebec, Canada",200
96,CA,Montreal,B&B Le Cartier,"1219 Rue Cartier, Montreal, Quebec, Canada",190
97,CA,Montreal,Gingerbread Manor Bed & Breakfast,"3445 Avenue Laval, Montreal, Quebec, Canada",369
98,CA,Montreal,Le Roberval,"505 Rene Levesque East, Montreal, Quebec, Canada",649
99,CA,Montreal,DoubleTree by Hilton Montreal Airport,"705 Avenue Michel-Jasmin, Dorval, Quebec, Canada",272
100,CA,Montreal,M Montreal,"1245 rue St-Andre, Montreal, Quebec, Canada",503
101,CA,Montreal,Days Inn by Wyndham Montreal Airport Conference Centre,"4545 Boul. Cote-Vertu Ouest, Montreal, Quebec, Canada",901
102,CA,Montreal,Novotel Montreal Aeroport,"2599 Boulevard Alfred-Nobel, Montreal, Quebec, Canada",683
103,CA,Montreal,La Loggia Art & Breakfast,"1637 Amherst, Montreal, Quebec, Canada",355
104,CA,Montreal,Courtyard by Marriott Montreal Airport,"7000 Place Robert-Joncas, Montreal, Quebec, Canada",408
105,CA,Montreal,Comfort Inn Montreal Aeroport,"700 St. Jean Boul, Pointe Claire, Quebec, Canada",99
106,CA,Montreal,Repos & Manna B & B,"2140 rue Quesnel, Montreal, Quebec, Canada",207
107,CA,Montreal,Maison Des Jardins,"1365 Logan Street, Montreal, Quebec, Canada",169
108,CA,Montreal,Four Seasons Hotel Montreal,"1440, Rue De La Montagne, Montreal, Quebec, Canada",225
109,CA,Montreal,Best Western Hotel Brossard,"7746 Taschereau Blvd, Brossard, Quebec, Canada",451
110,CA,Montreal,Auberge Le Pomerol,"819 Blvd de Maisonneuve East, Montreal, Quebec, Canada",639
111,CA,Montreal,Le St-Martin Hotel & Suites,"1400 Maurice Gauvin St, Laval, Quebec, Canada",504
112,CA,Montreal,Auberge de La Fontaine,"1301 Rachel Street East, Montreal, Quebec, Canada",461
113,CA,Montreal,Auberge du Lac Morency,"42, rue de la Chaumine, Saint Hippolyte, Quebec, Canada",497
114,CA,Montreal,Manoir Saint-Sauveur,"246 chemin du Lac Millette, Saint Sauveur des Monts, Quebec, Canada",1137
115,CA,Montreal,Travelodge Hotel by Wyndham Montreal Airport,"7300 Chemin Cote-de-Liesse, Montreal, Quebec, Canada",528
116,CA,Montreal,Embassy Suites by Hilton Montreal Airport,"6300 Transcanada Highway, Pointe Claire, Quebec, Canada",217
117,CA,Montreal,Auberge Bonsecours,"353, St-Paul St. East, Montreal, Quebec, Canada",104
118,CA,Montreal,Hotel Champ-de-Mars,"756 Berri, Montreal, Quebec, Canada",331
119,CA,Montreal,Courtyard by Marriott Kingston Highway 401 / Division Street,"103 Dalton Ave, Kingston, Ontario, Canada",693
120,CA,Montreal,Sheraton Laval Hotel,"2440 Autoroute Des Laurentides, Laval, Quebec, Canada",452
121,CA,Montreal,"Holiday Inn Express & Suites 1000 Islands - Gananoque, an IHG Hotel","777 King St E, Gananoque, Ontario, Canada",606
122,CA,Montreal,La Maison Pierre du Calvet,"405 Rue Bonsecours, Montreal, Quebec, Canada",161
123,CA,Montreal,Boulanger Bassin,"4293 Rue de Brebeuf, Montreal, Quebec, Canada",105
124,CA,Montreal,"Holiday Inn Laval - Montreal, an IHG Hotel","2900 Boul Le Carrefour, Laval, Quebec, Canada",264
125,CA,Montreal,AC Hotel Montreal Downtown,"250 Rene-Levesque Boulevard West, Montreal, Quebec, Canada",321
126,CA,Montreal,La Tour Belvedere,"2175 Boulevard Maisonneuve Ouest, Montreal, Quebec, Canada",564
127,CA,Montreal,Le Gite Dezery,"3545 Rue Dezery, Montreal, Quebec, Canada",141
128,CA,Montreal,Sir Montcalm,"1453-1455 rue Montcalm, Montreal, Quebec, Canada",100
129,CA,Montreal,Maison Saint-Vincent,"443 Rue Saint-Vincent, Montreal, Quebec, Canada",88
130,CA,Montreal,Hotel Kutuma,"3708 St. Denis Street, Montreal, Quebec, Canada",397
131,CA,Montreal,Ramada Plaza by Wyndham Montreal,"6445 Boulevard Decarie, Montreal, Quebec, Canada",485
132,CA,Montreal,Alt Hotel Quartier DIX30,"6500, Boulevard De Rome, Brossard, Quebec, Canada",446
133,CA,Montreal,D&D's B&B,"703 Av Laporte, Montreal, Quebec, Canada",87
134,CA,Montreal,Accueil Chez Francois B&B,"4031 Papineau, Montreal, Quebec, Canada",386
135,CA,Montreal,Days Inn by Wyndham Montreal East,"5905 Metropolitan Blvd. East, Montreal, Quebec, Canada",382
136,CA,Montreal,Sonder at Penny Lane,"408 Saint Jacques Street, Montreal, Quebec, Canada",109
137,CA,Montreal,Hotel Mortagne,"1228 Rue Nobel, Boucherville, Quebec, Canada",399
138,CA,Montreal,La Conciergerie,"1019 Saint-Hubert St., Montreal, Quebec, Canada",142
139,CA,Montreal,Samesun Montreal Central,"1586 rue St Hubert, Montreal, Quebec, Canada",390
140,CA,Montreal,Sonder Maisonneuve,"1470 Rue Mackay, Montreal, Quebec, Canada",150
141,CA,Montreal,University Bed & Breakfast Apartments,"623 Prince Arthur Street West, Montreal, Quebec, Canada",199
142,CA,Montreal,Auberge des Gallant Restaurant and SPA,"1171, ch. St-Henri, Sainte-Marthe, Quebec, Canada",310
143,CA,Montreal,Home2 Suites by Hilton Montreal Dorval,"1855 Rte Transcanadienne, Dorval, Quebec, Canada",121
144,CA,Montreal,"Holiday Inn & Suites Montreal Centre-Ville Ouest, an IHG Hotel","1390 Boulevard Rene-Levesque Ouest, Montreal, Quebec, Canada",341
145,CA,Montreal,Gite Ocoin B&B,"1930 due Dufresne, Montreal, Quebec, Canada",151
146,CA,Montreal,A l'Adresse du Centre-Ville,"1673 Saint Christophe Street, Montreal, Quebec, Canada",223
147,CA,Montreal,Residence Inn by Marriott Montreal Airport,"6500 Place Robert-Joncas, Montreal, Quebec, Canada",324
148,CA,Montreal,Hotel Le Saint Andre,"1285 rue St-Andre, Montreal, Quebec, Canada",366
149,CA,Montreal,Super 8 by Wyndham Lachenaie/Terrebonne,"1155 Yves Blais, Terrebonne, Quebec, Canada",481
150,CA,Montreal,Hotel Quartier des Spectacles,"17 Sainte-Catherine Ouest, Montreal, Quebec, Canada",436
151,CA,Montreal,Montreal South KOA,"130 montee Monette, Saint-Philippe, Quebec, Canada",57
152,CA,Montreal,Hampton Inn by Hilton Montreal Downtown,"985 Boul. St-Laurent, Montreal, Quebec, Canada",29
153,CA,Montreal,Auberge Saint-Paul,"347 Saint Paul Est, Montreal, Quebec, Canada",167
154,CA,Montreal,Auberge Saintlo Montreal,"1030 Mackay, Montreal, Quebec, Canada",459
155,CA,Montreal,Hotel Chateau-Bromont,"90 Stanstead St, Bromont, Quebec, Canada",1068
156,CA,Montreal,Loft Hotel Montreal,"334 Terrasse St Denis, Montreal, Quebec, Canada",319
157,CA,Montreal,Courtyard Montreal West Island/Baie D’Urfe,"20000 Trans Canada Highway, Baie-D'Urfe, Quebec, Canada",146
158,CA,Montreal,Alternative Hostel of Old Montreal,"358 Rue Saint-Pierre, Montreal, Quebec, Canada",235
159,CA,Montreal,Hotel Dorval - Beausejour Apartments,"440, Roy Avenue, Dorval, Quebec, Canada",254
160,CA,Montreal,Microtel Inn & Suites Casselman,"17 Rue Industriel, Casselman, Ontario, Canada",390
161,CA,Montreal,Hotel Ambrose,"3422 rue Stanley, Montreal, Quebec, Canada",347
162,CA,Montreal,"Holiday Inn Express St. Jean sur Richelieu, an IHG Hotel","700 Rue Gadbois Street, Saint-Jean-sur-Richelieu, Quebec, Canada",281
163,CA,Montreal,Uville Hotel Montreal,"204 Place d'Youville, Montreal, Quebec, Canada",59
164,CA,Montreal,Quality Hotel Dorval Aeroport,"7700 Cote de Liesse, Montreal, Quebec, Canada",460
165,CA,Montreal,Habitation du Vieux Montreal,"401 Saint Laurent, Montreal, Quebec, Canada",80
166,CA,Montreal,leQube Apartments Saint Hubert,"3990 rue Saint Hubert, Montreal, Quebec, Canada",76
167,CA,Montreal,"Humaniti Hotel Montreal, Autograph Collection","340 de la Gauchetiere O, Montreal, Quebec, Canada",59
168,CA,Montreal,"Holiday Inn Express & Suites Saint - Hyacinthe, an IHG Hotel","1500 Rue Daniel Johnson Street East, Saint Hyacinthe, Quebec, Canada",287
169,CA,Montreal,Baymont by Wyndham Montreal Airport,"3660 Rue Griffith, Montreal, Quebec, Canada",123
170,CA,Montreal,Auberge Manoir Ville-Marie,"3130 Rue Ste-Catherine East, Montreal, Quebec, Canada",289
171,CA,Montreal,Hotel de L'Elysee,"1633, rue Saint-Hubert, Montreal, Quebec, Canada",57
172,CA,Montreal,Delta Hotels by Marriott Sherbrooke Conference Center,"2685 Rue King Ouest, Sherbrooke, Quebec, Canada",337
173,CA,Montreal,Auberge Casa de Mateo,"438 St Francois Xavier, Montreal, Quebec, Canada",83
174,CA,Montreal,Le Simone,"1571 rue Saint-Andre, Montreal, Quebec, Canada",183
175,CA,Montreal,Quality Inn & Suites Brossard,"6680 Taschereau Boulevard, Brossard, Quebec, Canada",233
176,CA,Montreal,Courtyard Montreal Brossard,"3300 Rue De L'Eclipse, Brossard, Quebec, Canada",21
177,CA,Montreal,Sonder Le Victoria,"411 Rue des Recollets, Montreal, Quebec, Canada",78
178,CA,Montreal,Homewood Suites By Hilton Montreal Midtown,"6939 Decarie, Montreal, Quebec, Canada",25
179,CA,Montreal,Auberge St. Jacques,"6120 Rue Saint-Jacques, Montreal, Quebec, Canada",150
180,CA,Montreal,Anne Ma Soeur Anne,"4119 Rue Saint Denis, Montreal, Quebec, Canada",152
181,CA,Montreal,Royal Versailles Hotel,"7200 Sherbrooke St. East, Montreal, Quebec, Canada",268
182,CA,Montreal,Montreal West KOA,"171 Route 338, Coteau-du-Lac, Quebec, Canada",33
183,CA,Montreal,Hotel Y Montreal,"1355, Rene-Levesque Blvd. West, Montreal, Quebec, Canada",262
184,CA,Montreal,Destination Stays Montreal Downtown,"1444 Saint-Mathieu, Montreal, Quebec, Canada",28
185,CA,Montreal,"Holiday Inn Montreal-Longueuil, an IHG Hotel","900 St Charles Street East, Longueuil, Quebec, Canada",11
186,CA,Montreal,Motel Montreal,"95 aut. du Souvenir,, L'Ile-Perrot, Quebec, Canada",14
187,CA,Montreal,Alacoque Bed & Breakfast Revolution,"2091 St. Urban Street, Montreal, Quebec, Canada",74
188,CA,Montreal,Auberge L'Apero,"1425 Mackay, Montreal, Quebec, Canada",120
189,CA,Montreal,Maison Sainte-Therese,"110 Rue Sainte-Therese, Montreal, Quebec, Canada",21
190,CA,Montreal,Quality Hotel & Suites Montreal East,"8100 Avenue Neuville, Montreal, Quebec, Canada",236
191,CA,Montreal,Gite du Survenant Montreal,"2645 Avenue Desjardins, Montreal, Quebec, Canada",124
192,CA,Montreal,"Hotel Montreal Metropolitan, BW Premier Collection","3400 Boul Cremazie E, Montreal, Quebec, Canada",79
193,CA,Montreal,Hotel Montreal Espace Confort,"2050 St-Denis, Montreal, Quebec, Canada",260
194,CA,Montreal,Plateau Suites Montreal,"832 Gilford Street, Montreal, Quebec, Canada",21
195,CA,Montreal,Homewood Suites by Hilton Montreal Downtown,"985 Boul. St-Laurent, Montreal, Quebec, Canada",32
196,CA,Montreal,Hilton Garden Inn Montreal Midtown,"6939 Decarie, Montreal, Quebec, Canada",48
197,CA,Montreal,Fairfield by Marriott Montreal Downtown,"1199 Rue Berri, Montreal, Quebec, Canada",133
198,CA,Montreal,Casa Bianca,"4351 L'Esplanade Avenue, Montreal, Quebec, Canada",110
199,CA,Montreal,Castel Durocher,"3488 Durocher, Montreal, Quebec, Canada",60
200,CA,Montreal,Hotel Park Avenue,"4544 Avenue du Parc, Montreal, Quebec, Canada",82
201,CA,Montreal,Sonder Le Guerin,"4501 Drolet Street, Montreal, Quebec, Canada",85
202,CA,Montreal,Comfort Inn,"2055 Auto. des Laurentides, Laval, Quebec, Canada",110
203,CA,Montreal,Hyatt Place Montreal – Downtown,"1415, Rue Saint-Hubert, Montreal, Quebec, Canada",79
204,CA,Montreal,Le Manoir d'Auteuil,"49, rue d'Auteuil, Quebec City, Quebec, Canada",2156
205,CA,Montreal,Fiddler Lake Resort,"1000, Road 329, Milles Isles, Quebec, Canada",634
206,CA,Montreal,Apart Hotel Montreal,"2115 Rue Saint-Urbain, Montreal, Quebec, Canada",13
207,CA,Montreal,Fox Motor Inn,"297 Dundas St W, Napanee, Lennox and Addington County, Ontario, Canada",348
208,CA,Montreal,C C Cherrier,"522 Rue Cherrier, Montreal, Quebec, Canada",17
209,CA,Montreal,All Suite VIP Loft Montreal,"1099 St Denis Street, Montreal, Quebec, Canada",59
210,CA,Montreal,Auberge de Jeunesse Maeva Montreal,"3990, rue St-Hubert, Montreal, Quebec, Canada",35
211,CA,Montreal,Auberge Du Plateau,"185 Rue Sherbrooke E, Montreal, Quebec, Canada",250
212,CA,Montreal,Alexandrie Hostel,"1750 Amherst, Montreal, Quebec, Canada",236
213,CA,Montreal,Hotel Arena Palace,"1553 St-Andre, Montreal, Quebec, Canada",182
214,CA,Montreal,Hotel Terrasse Royale,"5225 chemin Cote-des-Neiges, Montreal, Quebec, Canada",199
215,CA,Montreal,Auberge du Carre St-Louis,"3466 St-Denis Street, Montreal, Quebec, Canada",195
216,CA,Montreal,The SoHo Hotel & Residences,"318 Wellington St W, Toronto, Ontario, Canada",1209
217,CA,Montreal,McGill New Residence Hall,"3625 Avenue du Parc, Montreal, Quebec, Canada",122
218,CA,Montreal,B & B Gite Couette et Chocolat Inc.,"1074, rue Saint Dominique, Montreal, Quebec, Canada",113
219,CA,Montreal,Appartements Trylon,"3463 Sainte-Famille, Montreal, Quebec, Canada",152
220,CA,Montreal,Residence La Citadelle,"410 Sherbrooke Street West, Montreal, Quebec, Canada",124
221,CA,Montreal,Best Western Plus Montreal East,"12555 Rue Sherbrooke E, Montreal, Quebec, Canada",52
222,CA,Montreal,Sucrerie de la Montagne,"300, rang Saint-Georges, Rigaud, Quebec, Canada",97
223,CA,Montreal,Camping Alouette,"3449 de L'Industrie, St-Mathieu-de-Beloeil, Quebec, Canada",46
224,CA,Montreal,Hotel Jazz,"1216, rue St-Hubert, Montreal, Quebec, Canada",54
225,CA,Montreal,Le Pleasant Hotel & Cafe,"1 Rue Pleasant, Sutton, Quebec, Canada",577
226,CA,Montreal,Super 8 by Wyndham Cornwall ON,"2694 Brookdale Ave, Cornwall, Ontario, Canada",283
227,CA,Montreal,Manoir Hovey,"575 Rue Hovey, North Hatley, Quebec, Canada",1636
228,CA,Montreal,Hotel Escad Quartier DIX30,"9156 Boulevard Leduc, Brossard, Quebec, Canada",86
229,CA,Montreal,OTL Gouverneur Sherbrooke,"3131 King West Street, Sherbrooke, Quebec, Canada",356
230,CA,Montreal,La Perrot Damoise,"25 rue de l'Eglise, Notre-Dame-de-l'Ile-Perrot, Quebec, Canada",49
231,CA,Montreal,Kenauk Nature,"1000 chemin Kenauk, Montebello, Outaouais Region, Quebec, Canada",210
232,CA,Montreal,Best Western Belleville,"387 N Front St, Belleville, Ontario, Canada",787
233,CA,Montreal,Hotel Viger,"1001 Saint-Hubert St, Montreal, Quebec, Canada",215
234,CA,Montreal,Town Inn Suites,"620 Church St, Toronto, Ontario, Canada",1066
235,CA,Montreal,OM Montreal BnB,"850 Sherbrooke Street East, Montreal, Quebec, Canada",28
236,CA,Montreal,Motel Du Fleuve,"5800 Boul. Marie Victorin, Brossard, Quebec, Canada",63
237,CA,Montreal,Welcominns,"1195 Rue Ampere, Boucherville, Quebec, Canada",276
238,CA,Montreal,"Holiday Inn Express & Suites Vaudreuil - Dorion, an IHG Hotel","33 Boul. de la Cite-Des-Jeunes East, Vaudreuil-Dorion, Quebec, Canada",164
239,CA,Montreal,LikeAHotel,"54 Rue Prince Arthur E, Montreal, Quebec, Canada",111
240,CA,Montreal,La Cache du Lac Champlain,"325 Ave de Venise Ouest, Venise-en-Quebec, Quebec, Canada",217
241,CA,Montreal,Les Suites Saint Francois Xavier,"438 Rue Saint-Francois-Xavier, Montreal, Quebec, Canada",31
242,CA,Montreal,Hotel Ste Catherine,"1674 Ste Catherine Est, Montreal, Quebec, Canada",65
243,CA,Montreal,Motel Rideau,"8700 boulevard Marie-Victorin, Brossard, Quebec, Canada",24
244,CA,Montreal,Auberge de la Montagne Coupee,"1000, Chemin de la Montagne Coupee, Saint-Jean-de-Matha, Quebec, Canada",181
245,CA,Montreal,Comfort Inn South,"7863 Taschereau Boulevard, Brossard, Quebec, Canada",153
246,CA,Montreal,Comfort Inn Boucherville,"96 boul. de Mortagne, Boucherville, Quebec, Canada",130
247,CA,Montreal,Best Western Hotel St. Jerome,"420 Monseigneur-Dubois Blvd, Saint Jerome, Quebec, Canada",388
248,CA,Montreal,Hotel du Manoir Saint Denis,"2006 Rue Saint-Denis, Montreal, Quebec, Canada",123
249,CA,Montreal,Hotel Dorion,"1477 rue Dorion, Montreal, Quebec, Canada",52
250,CA,Montreal,Hotel Elegant,"1683 Rue Saint-Hubert, Montreal, Quebec, Canada",230
251,CA,Montreal,Hotel Visitel,"1617 St Hubert, Montreal, Quebec, Canada",170
252,CA,Montreal,Comfort Inn & Suites Thousand Islands Harbour District,"22 Main St, Gananoque, Ontario, Canada",391
253,CA,Montreal,Le Village Suisse,"1175 Rue de la Sapiniere, Val David, Quebec, Canada",375
254,CA,Montreal,Hotel de Paris,"901 Rue Sherbrooke Est, Montreal, Quebec, Canada",43
255,CA,Montreal,Hotel A2K,"1475 Rene Levesque West, Montreal, Quebec, Canada",58
256,CA,Montreal,All Suite VIP Saint-Jacques,"10 Due Saint-Jacques, Montreal, Quebec, Canada",22
257,CA,Montreal,Hotel Stay Mont Royal,"438 avenue du Mont Royal Est, Montreal, Quebec, Canada",60
258,CA,Montreal,Le 1009,"1009 Rue Bleury, Montreal, Quebec, Canada",10
259,CA,Montreal,Hostel Inn Tourist,"1854 St. Catherine Street West, Montreal, Quebec, Canada",13
260,CA,Montreal,La Petite Bourgeoise,"611 Rue Manning, Montreal, Quebec, Canada",61
261,CA,Montreal,Boxotel,"175 Rue Ontario Est, Montreal, Quebec, Canada",88
262,CA,Montreal,Hotel Star Montreal,"910 Maisonneuve Blvd East, Montreal, Quebec, Canada",132
263,CA,Montreal,Sonder Gare Saint Denis,"1063 Rue Saint-Denis, Montreal, Quebec, Canada",41
264,CA,Montreal,Abadin Bed and Breakfast,"612 Bobois St, L'Orignal, Hawkesbury, Ontario, Canada",87
265,CA,Montreal,Auberge La Chocolatiere,"312 River Road, North Hatley, Quebec, Canada",256
266,CA,Montreal,Sonder Saint Paul,"209 Rue Saint-Paul Ouest, Montreal, Quebec, Canada",24
267,CA,Montreal,Sonder at The Richmond,"400 Ave Richmond, Montreal, Quebec, Canada",53
268,CA,Montreal,Chalets Lac a la Truite,"1961 ch. de la Montagne, Sainte Agathe des Monts, Quebec, Canada",404
269,CA,Montreal,Le Fabreville Motel et Suites,"4301, boulevard Dagenais Ouest, Laval, Quebec, Canada",192
270,CA,Montreal,Comfort Inn Aeroport Dorval,"340, Michel Jasmin, Dorval, Quebec, Canada",243
271,CA,Montreal,Au Coq du Bonheur B&B,"79, rue Bellevue, Magog, Quebec, Canada",573
272,CA,Montreal,Zum Hotel,"2450 Boul. Edouard Montpetit, Montreal, Quebec, Canada",94
273,CA,Montreal,Imperia Hotel & Suites St-Eustache,"570, rue Dubois, Saint-Eustache, Quebec, Canada",180
274,CA,Montreal,L'Escogriffe B&B,"1264 Wolfe St., Montreal, Quebec, Canada",22
275,CA,Montreal,Saint-Andre-des-Arts,"1654 rue Saint-Andre, Montreal, Quebec, Canada",54
276,CA,Montreal,Comfort Inn & Suites,"255-8 Rue de Martigny W, Saint Jerome, Quebec, Canada",118
277,CA,Montreal,Auberge aux Nuits de Reve,"14 rue Larocque ouest, Sainte Agathe des Monts, Quebec, Canada",585
278,CA,Montreal,Auberge du Lac Saint-Pierre,"10911 Notre-Dame West Street, Trois-Rivieres, Quebec, Canada",404
279,CA,Montreal,Chalets Beaconsfield Motel,"505 Beaconsfield , Beaconsfield, Quebec, Canada",37
280,CA,Montreal,Gite Urbain La Lanterne,"1016 Boulevard Saint-Joseph Est, Montreal, Quebec, Canada",81
281,CA,Montreal,L'Imprevu Bed & Breakfast,"3932, rue St-Jacques, Montreal, Quebec, Canada",40
282,CA,Montreal,Turquoise Bed and Breakfast,"1576, rue Alexandre-DeSeve, Montreal, Quebec, Canada",33
283,CA,Montreal,Centre de sante Euro-spa,"455 Rang de l'Eglise Sud, St-Ignace-de-Stanbridge, Quebec, Canada",98
284,CA,Montreal,Manoir Becancourt,"3255 Av. Nicolas Perrot, Becancour, Quebec, Canada",247
285,CA,Montreal,Hotel Particulier Griffintown,"1200 Ottawa Street, Montreal, Quebec, Canada",47
286,CA,Montreal,Parc Omega,"399, Route 323 North, Montebello, Outaouais Region, Quebec, Canada",167
287,CA,Montreal,Budget Inn,"4510 County 2 Rd, Port Hope, Ontario, Canada",70
288,CA,Montreal,Au Piano Blanc,"4440, rue Berri, Montreal, Quebec, Canada",39
289,CA,Montreal,Econo Lodge Brossard,"8350 Boulevard Taschereau, Brossard, Quebec, Canada",111
290,CA,Montreal,L'Auberge de l'Aeroport Inn,"580 Rue Michel Jasmin, Dorval, Quebec, Canada",118
291,CA,Montreal,Les Suites de Laviolette Ascend Hotel Collection,"7201 rue Notre-Dame Ouest, Trois-Rivieres, Quebec, Canada",194
292,CA,Montreal,Les appartements Loft Jacques-Cartier,"4046 Cartier, Montreal, Quebec, Canada",50
293,CA,Montreal,Spa & Hotel Le Finlandais,"125 Boul. Labelle, Rosemere, Quebec, Canada",195
294,CA,Montreal,Quartier Latin Hotel,"1763 St. Denis, Montreal, Quebec, Canada",246
295,CA,Montreal,Hotel Villa,"57 Sainte-Catherine Est, Montreal, Quebec, Canada",162
296,CA,Montreal,Auberge YWCA,"1355 Rene-Levesque Blvd. West, Montreal, Quebec, Canada",76
297,CA,Montreal,Hotel Casa Bella,"264 Sherbrooke ouest, Montreal, Quebec, Canada",156
298,CA,Montreal,Hotel & Suite Place des Arts,"270 Sherbrooke West, Montreal, Quebec, Canada",70
299,CA,Montreal,La Maison du Patriote,"169, St-Paul Est, Montreal, Quebec, Canada",66
300,CA,Montreal,Hotel Chrome,"215 Boulevard Rene Levesque E, Montreal, Quebec, Canada",67
301,CA,Montreal,Cap Tremblant Mountain Resort,"400, du Mont-Plaisant, Mont Tremblant, Quebec, Canada",611
302,CA,Montreal,Polar Bear's Club,"930, Boulevard des Laurentides, Piedmont, Quebec, Canada",184
303,CA,Montreal,Beacon Hill Motel,"1668 Montreal Rd, Ottawa, Ontario, Canada",86
304,CA,Montreal,Hotel Plaza Valleyfield,"40, avenue du Centenaire, Salaberry-de-Valleyfield, Quebec, Canada",204
305,CA,Montreal,Auberge Harris,"576 Rue Champlain, Saint-Jean-sur-Richelieu, Quebec, Canada",154
306,CA,Montreal,Days Inn by Wyndham Berthierville,"760 Rue Gadoury, Berthierville, Quebec, Canada",246
307,CA,Montreal,Hotel L'Express,"2800 Marie Victorin Blvd, Longueuil, Quebec, Canada",66
308,CA,Montreal,Residence Carrefour Sherbrooke,"475 Sherbrooke Street West, Montreal, Quebec, Canada",61
309,CA,Montreal,Hotel Bon Accueil,"1601 rue St-Hubert, Montreal, Quebec, Canada",80
310,CA,Montreal,Grey Nuns Residence,"1190 Guy Street, Montreal, Quebec, Canada",62
311,CA,Montreal,Chalets Chanteclair,"2325, Rd 117, Val David, Quebec, Canada",116
312,CA,Montreal,Auberge Jeunesse a LouLou,"3365 des Eglises, Levis, Chaudiere-Appalaches, Quebec, Canada",212
313,CA,Montreal,Le Sieur De Joliette,"2617 Joliette, Montreal, Quebec, Canada",67
314,CA,Montreal,Inn Between,"1805 Rue Ontario E, Montreal, Quebec, Canada",26
315,CA,Montreal,Hotel La Residence Du Voyageur,"847 Rue Sherbrooke East, Montreal, Quebec, Canada",103
316,CA,Montreal,Sunset Suites,"2445 Sunset Rd, Montreal, Quebec, Canada",43
317,CA,Montreal,Le Chabrol Hotel & Suites,"6951 Saint-Jacques West, Montreal, Quebec, Canada",65
318,CA,Montreal,Auberge Handfield Et Spa,"555 Richelieu, Saint Marc sur Richelieu, Quebec, Canada",437
319,CA,Montreal,EconoHotel Montreal,"1649 Saint Hubert Street, Montreal, Quebec, Canada",8
320,CA,Montreal,Les Etoiles Apartments By Corporate Stays,"888 Saint-Francois Xavier, Montreal, Quebec, Canada",23
321,CA,Montreal,Jade Blue B&B,"1225 rue de Bullion, Montreal, Quebec, Canada",51
322,CA,Montreal,Motel Le Marigot,"522 de Lotbiniere, Vaudreuil-Dorion, Quebec, Canada",57
323,CA,Montreal,Universite de Montreal Residence,"2350 blvd. Edouard-Montpetit, Montreal, Quebec, Canada",18
324,CA,Montreal,Hotel Montfort Nicolet,"1141, Rue Saint-Jean-Baptiste, Nicolet, Quebec, Canada",309
325,CA,Montreal,Hotel Le Dauphin Saint-Hyacinthe,"1250 Johnson West, Saint Hyacinthe, Quebec, Canada",133
326,CA,Montreal,Quality Hotel Centre de Congres,"725 Boulevard Seminaire Nord, Saint-Jean-sur-Richelieu, Quebec, Canada",183
327,CA,Montreal,Bienvenue B&B,"3950 Laval Av, Montreal, Quebec, Canada",40
328,CA,Montreal,Mosaique Furnished Suites,"345 Rue de la Gauchetiere West, Montreal, Quebec, Canada",8
329,CA,Montreal,Hotel Particulier on Drummond,"3429 Rue Drummond, Montreal, Quebec, Canada",128
330,CA,Montreal,Loft4U by Corporate Stays,"456 Rue de la Gauchetiere O, Montreal, Quebec, Canada",30
331,CA,Montreal,"Auberge Godefroy Hotel, Spa and Golf","17575 Blvd Becancour, Becancour, Quebec, Canada",373
332,CA,Montreal,Hotel des Arts,"2060 rue St-Dominique, Montreal, Quebec, Canada",75
333,CA,Montreal,Motel R-100,"4335 Chemin de Chambly, Longueuil, Quebec, Canada",27
334,CA,Montreal,Refuge Du Poete,"320 rue Longueuil, Longueuil, Quebec, Canada",31
335,CA,Montreal,Days Inn by Wyndham Blainville Conference Centre,"1136 Cure Labelle, Blainville, Quebec, Canada",244
336,CA,Montreal,L'Hotel Particulier Griffintown,"1200 Rue Ottawa, Montreal, Quebec, Canada",7
337,CA,Montreal,Ruta Bagage,"1345 Sainte-Rose, Montreal, Quebec, Canada",13
338,CA,Montreal,Pensione Popolo,"4871 Saint Laurent, Montreal, Quebec, Canada",26
339,CA,Montreal,Le Baluchon,"3550 Chemin des Trembles, St-Paulin, Quebec, Canada",802
340,CA,Montreal,Residences Universitaires UQAM West,"2100 Saint-Urbain, Montreal, Quebec, Montreal, Quebec, Canada",83
341,CA,Montreal,OrcaSound Hotel,"93 Montee Lavigne, Rigaud, Quebec, Canada",67
342,CA,Montreal,Lee Farm Inn Bed & Breakfast,"20 Boul Notre Dame O, Stanstead, Quebec, Canada",75
343,CA,Montreal,Quality Inn Centre-Ville,"1620 Rue Saint-Hubert, Montreal, Quebec, Canada",31
344,CA,Montreal,Le 400 Sherbrooke Ouest By Corporate Stays,"400 Sherbrooke Ouest, Montreal, Quebec, Canada",20
345,CA,Montreal,Cambridge Suites Mississauga,"7005 Century Ave, Mississauga, Ontario, Canada",197
346,CA,Montreal,Auberge La Dolce Vita,"2428 Rue Commerciale Sud, Temiscouata-sur-le-Lac, Bas-Saint-Laurent, Quebec, Canada",132
347,CA,Montreal,Hotel 7 Saisons,"1659 St. Hubert, Montreal, Quebec, Canada",53
348,CA,Montreal,Le Chasseur B&B,"1567 St.-Andre Street, Montreal, Quebec, Canada",95
349,CA,Montreal,Maison Brunet,"1035 rue Saint-hubert, Montreal, Quebec, Canada",60
350,CA,Montreal,Comfort Inn Drummondville,"1055 rue Hains, Drummondville, Quebec, Canada",133
351,CA,Montreal,Motel Canadien,"1821, Notre-Dame East St, Trois-Rivieres, Quebec, Canada",187
352,CA,Montreal,Sheraton Saint-Hyacinthe Hotel,"1315 rue Daniel-Johnson O., Saint Hyacinthe, Quebec, Canada",91
353,CA,Montreal,Imperia Hotel & Suites Terrebonne,"2935, Boulevard de la Piniere, Terrebonne, Quebec, Canada",200
354,CA,Montreal,Lelux Hotel,"1600 Rue Saint-Hubert, Montreal, Quebec, Canada",45
355,CA,Montreal,Le Chablis Hotel & Suites Cadillac,"5800 Sherbrooke East, Montreal, Quebec, Canada",64
356,CA,Montreal,Fairmont Chateau Laurier,"1 Rideau Street, Ottawa, Ontario, Canada",4346
357,CA,Montreal,Holland Hotel by Simplissimmo,"1121, Sainte Catherine West, Montreal, Quebec, Canada",11
358,CA,Montreal,Hotel St-Thomas,"430 Sherbrooke East, Montreal, Quebec, Canada",12
359,CA,Montreal,The Auberge Chomedey Inn,"590, Cure Labelle Boulevard, Laval, Quebec, Canada",35
360,CA,Montreal,L'Oasis de l'Ile,"25 chemin des Iles Yale, Saint-Eustache, Quebec, Canada",130
361,CA,Montreal,A Montreal Oasis,"3000 De Breslay Road, Montreal, Quebec, Canada",6
362,CA,Montreal,Hotel & Suites Le Dauphin Quebec,"400 Rue Marais, Quebec City, Quebec, Canada",1227
363,CA,Montreal,Auberge Saint Antoine,"8 Rue Saint Antoine, Quebec City, Quebec, Canada",2860
364,CA,Montreal,Le Germain Hotel Toronto Maple Leaf Square,"75 Bremner Blvd, Toronto, Ontario, Canada",1580
365,CA,Montreal,Best Western Premier Hotel Aristocrate,"3100 Chemin St-Louis, Quebec City, Quebec, Canada",1330
366,CA,Montreal,Hotel Quintessence,"3004 Chemin de la Chapelle, Mont Tremblant, Quebec, Canada",671
367,CA,Montreal,Fairmont Vancouver Airport,"3111 Grant McConachie Way, Richmond, British Columbia, Canada",4487
368,CA,Montreal,"Au 4700 Rivard, classification 212144","4700 Rivard, Montreal, Quebec, Canada",10
369,CA,Montreal,1820s Style Boutique Lofts In Old Montreal by Nuage,"408 Rue Saint Jacques, Montreal, Quebec, Canada",7
370,CA,Montreal,Hotel Felix,"1274 Ste-Catherine E, Montreal, Quebec, Canada",22
371,CA,Montreal,Castel Saint Denis,"2099 rue Saint Denis, Montreal, Quebec, Canada",31
372,CA,Montreal,De par Chez Nous,"858 du Rivage, Saint-Antoine-sur-Richelieu, Quebec, Canada",10
373,CA,Montreal,Casa Santa Isabel,"2700 Reading Street, Montreal, Quebec, Canada",4
374,CA,Montreal,Camping La Cle des Champs Complexe VR,"415 Montee St Claude, Saint-Philippe, Quebec, Canada",11
375,CA,Montreal,Les Matins d'Antoine,"39 rue Queen, Sherbrooke, Quebec, Canada",30
376,CA,Montreal,Hotel Trois Tilleuls,"290 rue Richelieu, Saint Marc sur Richelieu, Quebec, Canada",164
377,CA,Montreal,Atelier Galerie Anne Drouin Peinture & Pension,"1345 Montee Sainte-Julie, Sainte-Julie, Quebec, Canada",16
378,CA,Montreal,Les Apparts du Vieux Montreal,"405 Saint-Dizier Street, Montreal, Quebec, Canada",2
379,CA,Montreal,Green Acres Inn,"2480 Princess St, Kingston, Ontario, Canada",403
380,CA,Montreal,Gite & Appartements Du Marigot,"128 Boulevard Levesque Est, Laval, Quebec, Canada",23
381,CA,Montreal,All Suites Majestique Downtown,"366-368 rue Sherbrook West, Montreal, Quebec, Canada",39
382,CA,Montreal,Auberge Chez Jean,"4136 rue Henri Julien, Montreal, Quebec, Canada",64
383,CA,Montreal,Hotel De La Couronne,"1029 St Denis, Montreal, Quebec, Canada",8
384,CA,Montreal,Auberge Objectif Sante,"8665 Chemin de Chambly, Longueuil, Quebec, Canada",22
385,CA,Montreal,Hotel Newstar,"5250 Rue Jarry E, Montreal, Quebec, Canada",75
386,CA,Montreal,TownePlace Suites by Marriott Belleville,"400 Bell Blvd, Belleville, Ontario, Canada",268
387,CA,Montreal,White Pine Lodge,"Parcel 13466, Temiskaming Shores, Northeastern Ontario, Ontario, Canada",14
388,CA,Montreal,Les Menus-Plaisirs,"244 boul. Sainte-Rose, Laval, Quebec, Canada",46
389,CA,Montreal,Le St-Christophe,"1597 rue St-Christophe, Montreal, Quebec, Canada",19
390,CA,Montreal,Island Shores Bed & Breakfast,"440 Main St., Rossport, Thunder Bay District, Ontario, Canada",69
391,CA,Montreal,Empire Suites,"1606 Rue Saint-Hubert, Montreal, Quebec, Canada",38
392,CA,Montreal,Gite La Cinquieme Saison,"4396, rue Boyer, Montreal, Quebec, Canada",10
393,CA,Montreal,McGill Student Apartments,"3935 rue University, Montreal, Quebec, Canada",15
394,CA,Montreal,Motel 6 Kingston,"1542 Robinson Court, Kingston, Ontario, Canada",475
395,CA,Montreal,Motel Falcon,"6225 Boulevard Taschereau, Brossard, Quebec, Canada",39
396,CA,Montreal,Hotel Rive Gauche,"1810 Rue Richelieu, Beloeil, Quebec, Canada",111
397,CA,Montreal,Bridgewaters Inn,"2702 County Road 2, Johnstown, Ontario, Canada",31
398,CA,Montreal,Motel La Siesta,"3179 boul. Taschereau, Longueuil, Quebec, Canada",23
399,CA,Montreal,Aux Berges Fleuries,"1345 Montee Ste-Julie, Sainte-Julie, Quebec, Canada",2
400,CA,Montreal,Best Western Plus Bathurst Hotel & Suites,"150 Main St, Bathurst, New Brunswick, Canada",435
401,CA,Montreal,Chalet du Boise,"2200 Chemin des Sucreries, Varennes, Quebec, Canada",62
402,CA,Montreal,1595 Dr Penfield by Ellegancia,"1595 Dr Penfield Ave, Montreal, Quebec, Canada",35
403,CA,Montreal,Motel Le Transit,"30 Rue Brunet, Mont-Saint-Hilaire, Quebec, Canada",34
404,CA,Montreal,Motel Le Marquis,"672 rue Sherbrooke Est, Montreal, Quebec, Canada",30
405,CA,Montreal,Motel Mont-St-Hilaire et Cabines,"202, boul. Sir-Wilfrid-Laurier, Mont-Saint-Hilaire, Quebec, Canada",12
406,CA,Montreal,Le bed & Cocktail - Par La Distillerie MTL,"2043 Mont-Royal E., Montreal, Quebec, Canada",3
407,CA,Montreal,Auberge Le Lupin Air B&B,"127, Pinoteau Street, Mont Tremblant, Quebec, Canada",616
408,CA,Montreal,Hotel Charlemagne,"115, Celine-Dion Blvd, Charlemagne, Quebec, Canada",63
409,CA,Montreal,Aux Studios Montcalm,"1303 Montcalm street, Montreal, Quebec, Canada",24
410,CA,Montreal,Marsh Bay Resort,"937740 Marsh Bay Road, Cobalt, Temiskaming Shores, Northeastern Ontario, Ontario, Canada",11
411,CA,Montreal,Auberge Le St-George,"2190 rue Saint-Jean-Baptiste, Jonquiere, Saguenay, Saguenay–Lac-Saint-Jean Region, Quebec, Canada",33
412,CA,Montreal,Auberge Parkers' Lodge,"1340 ch. du lac Paquin, Val David, Quebec, Canada",35
413,CA,Montreal,The Noble Suites,"20 Broad St, Brockville, Ontario, Canada",214
414,CA,Montreal,The Wilfrid Boutique Farmhouse,"1375 Royal Rd, Milford, Picton, Prince Edward County, Ontario, Canada",102
415,CA,Montreal,Sir Isaac Brock B&B Luxury Suites,"89 Church St, Brockville, Ontario, Canada",312
416,CA,Montreal,Residence Bharat Bhavan,"4225 Rue Notre Dame Ouest, Montreal, Quebec, Canada",5
417,CA,Montreal,Hotel Le Saint-Paul,"229 rue Saint-Paul, Quebec City, Quebec, Canada",499
418,CA,Montreal,Auberge Marquis de Montcalm,"797 General-De Montcalm St., Sherbrooke, Quebec, Canada",190
419,CA,Montreal,Manoir Chamberland,"545 Rue Notre Dame, Montebello, Outaouais Region, Quebec, Canada",177
420,CA,Montreal,Motel Des Erables,"44 Route 201, Coteau-du-Lac, Quebec, Canada",36
421,CA,Montreal,LikeAHotel-Ste Catherine,"1223 Rue Mackay, Montreal, Quebec, Canada",14
422,CA,Montreal,B&B on the Park,"1308 Sherbrooke St East, Montreal, Quebec, Canada",4
423,CA,Montreal,Hotel Mini,"1475 Blvd Rene-Levesque East, Montreal, Quebec, Canada",2
424,CA,Montreal,Motel Saint-Hilaire,"161 Blvd Sir-Wilfrid-Laurier, Mont-Saint-Hilaire, Quebec, Canada",7
425,CA,Montreal,Econo Lodge,"1683 Rue Saint-Hubert, Montreal, Quebec, Canada",3
426,CA,Montreal,Motel Seigneurie de Vaudreuil,"154 Hardwood, Vaudreuil-Dorion, Quebec, Canada",7
427,CA,Montreal,B&B Le Bleu Balcon,"4420 St-Denis, Montreal, Quebec, Canada",47
428,CA,Montreal,Camping Les Cedres,"658 Rte 219, Saint-Jean-sur-Richelieu, Quebec, Canada",18
429,CA,Montreal,Estrimont Suites & Spa,"44, avenue de l'Auberge, Orford, Magog, Quebec, Canada",609
430,CA,Montreal,Le St-Martin Bromont Hotel & Suites,"111 Boulevard Du Carrefour, Bromont, Quebec, Canada",323
431,CA,Montreal,Pimbina Spa & Massage,"1239 Labelle street, Mont Tremblant, Quebec, Canada",258
432,CA,Montreal,Plumes et Glisse,"17 Chemin des Pentes Nord, Lac-Superieur, Quebec, Canada",184
433,CA,Montreal,Hotel Mont Gabriel,"1699 Chemin Mont Gabriel, Sainte-Adele, Quebec, Canada",414
434,CA,Montreal,Manoir des Sables Hotel & Golf,"90, Avenue des Jardins, Orford, Magog, Quebec, Canada",453
435,CA,Montreal,Comfort Inn Winnipeg South,"3109 Pembina Hwy, Winnipeg, Manitoba, Canada",367
436,CA,Montreal,Auberge Louisbourg Hotel,"1649 Saint-Hubert, Montreal, Quebec, Canada",14
437,CA,Montreal,Hotel Classic,"2020 Rue St. Denis, Montreal, Quebec, Canada",29
438,CA,Montreal,Hotel Le Breton,"1609 Saint-Hubert St., Montreal, Quebec, Canada",12
439,CA,Montreal,First Canada Inns,"1618 Vincent Massey Dr, Cornwall, Ontario, Canada",129
440,CA,Montreal,Manoir D'Youville,"498 Boulevard d'Youville, Chateauguay, Quebec, Canada",33
441,CA,Montreal,Gite du Parc Lafontaine Guest House,"1250 Sherbrooke est, Montreal, Quebec, Canada",31
442,CA,Montreal,Motel Pierre,"2375 Boulevard Marcel-Laurin, Montreal, Quebec, Canada",35
443,CA,Montreal,Maison Historique James Thompson,"47 rue Ste.Ursule, Quebec City, Quebec, Canada",240
444,CA,Montreal,Le Gite De La Belle Rive,"387 Taillon, Montreal, Quebec, Canada",9
445,CA,Montreal,Chez Roger Bontemps B&B,"1441 Wolfe St, Montreal, Quebec, Canada",10
446,CA,Montreal,Happy Club & Motel,"33 - 17th St., Edmundston, New Brunswick, Canada",128
447,CA,Montreal,Motel Colibri,"6960 rue St-Jacques Ouest, Montreal, Quebec, Canada",16
448,CA,Montreal,Motel Saint-Jacques,"1980 Westmore Avenue, Montreal, Quebec, Canada",18
449,CA,Montreal,Pied-A-Terre Mont-Royal,"4460 Avenue Christophe-Colomb, Montreal, Quebec, Canada",27
450,CA,Montreal,Berri Suites,"Rue Berri, Montreal, Quebec, Canada",10
451,CA,Montreal,"Holiday Inn Express & Suites Fredericton, an IHG Hotel","665 Prospect Street, Fredericton, New Brunswick, Canada",613
452,CA,Montreal,"Holiday Inn Express & Suites Belleville, an IHG Hotel","291 North Front St, Belleville, Ontario, Canada",310
453,CA,Montreal,A1 Studios Montreal,"1575 Lartigue Avenue, Montreal, Quebec, Canada",2
454,CA,Montreal,Hotel Alt Quebec,"1200 Avenue De Germain-Des-Pres, Quebec City, Quebec, Canada",494
455,CA,Montreal,Esterel Resort,"39, Boulevard Fridolin-Simard, Esterel, Sainte-Marguerite-du-Lac-Masson, Quebec, Canada",1230
456,CA,Montreal,1840 Guest House B&B,"223 Main Street West, Merrickville, Ontario, Canada",209
457,CA,Montreal,Auberge Sur Mer,"363 Du Fleuve Rd, Notre-Dame-du-Portage, Bas-Saint-Laurent, Quebec, Canada",204
458,CA,Montreal,"Jouvence, Centre de Villegiature","131, chemin Jouvence, Orford, Magog, Quebec, Canada",132
459,CA,Montreal,Hotel Le Deville,"187 Rue Sainte-Catherine Est, Montreal, Quebec, Canada",19
460,CA,Montreal,Microtel Inn & Suites by Wyndham Dorval,"1695 Rte Transcanadienne Nord, Dorval, Quebec, Canada",26
461,CA,Montreal,The Abbey Inn,"21489 Butternut Lane, Lancaster, Ontario, Canada",13
462,CA,Montreal,Hotel Cheribourg,"2603 Chemin du Parc, Orford, Magog, Quebec, Canada",365
463,CA,Montreal,"Chez Hubert, B&B","66 St-Ursule, Quebec City, Quebec, Canada",273
464,CA,Montreal,Hotel Sacacomie,"4000 Yvon-Plante Road, Saint-Alexis-des-Monts, Quebec, Canada",1705
465,CA,Montreal,Comfort Inn Edmundston,"5 Bateman Ave., Edmundston, New Brunswick, Canada",496
466,CA,Montreal,"Holiday Inn Express Quebec Sainte-Foy, an IHG Hotel","3145 Avenue Des Hotels, Quebec City, Quebec, Canada",817
467,CA,Montreal,La Maison de Baviere B&B,"1470 Chemin de la Riviere, Val David, Quebec, Canada",196
468,CA,Montreal,Au Chateau du Parc B & B,"1020 Sherbrooke East, Montreal, Quebec, Canada",7
469,CA,Montreal,Le 2250 Guy,"2250, Guy, Montreal, Quebec, Canada",7
470,CA,Montreal,Corporate Stays Apartments Mosaique,"345 de la Gauchetiere ouest, Montreal, Quebec, Canada",5
471,CA,Montreal,L'Auberge Lys et Chardon,"42 Rue de L'Eglise, Saint-Placide, Quebec, Canada",28
472,CA,Montreal,Marketa's Bed and Breakfast,"239 Superior St, Victoria, Victoria Capital Regional District, Vancouver Island, British Columbia, Canada",492
473,CA,Montreal,Quality Inn & Suites,"1575 Tupper St, Hawkesbury, Ontario, Canada",141
474,CA,Montreal,Auberge Alpine Inn,"1440 Pierre-Peladeau, Sainte-Adele, Quebec, Canada",498
475,CA,Montreal,Hotel Chateau Joliette,"450 rue St Thomas, Joliette, Quebec, Canada",183
476,CA,Montreal,Elect Inn 5,"1123 Brookdale Ave, Cornwall, Ontario, Canada",67
477,CA,Montreal,Auberge & Spa Beaux-Reves,"2310 Boul. De Sainte Adele, Sainte-Adele, Quebec, Canada",766
478,CA,Montreal,Novotel Toronto North York,"3 Park Home Ave, Toronto, Ontario, Canada",1175
479,CA,Montreal,Hotel Chateau Laurier Quebec,"1220, Place Georges V Ouest, Quebec City, Quebec, Canada",1925
480,CA,Montreal,Spa Eastman,"895, chemin des Diligences, Eastman, Quebec, Canada",264
481,CA,Montreal,Royal Victoria College Residence,"3425 University Street, Montreal, Quebec, Canada",12
482,CA,Montreal,Auberge du Vieux Foyer,"3167, 1er Rang Doncaster, Val David, Quebec, Canada",308
483,CA,Montreal,Le Hudson Inn,"100, Rte 201, Rigaud, Quebec, Canada",29
484,CA,Montreal,B & B Maison Saint Louis,"311 Rue Du Square Saint Louis, Montreal, Quebec, Canada",3
485,CA,Montreal,Complex Royal Labarre,"2019 Boulevard Taschereau, Longueuil, Quebec, Canada",31
486,CA,Montreal,Chateau des Tourelles,"212 Street Saint Jean, Quebec City, Quebec, Canada",850
487,CA,Montreal,Gite MaammBolduc,"4351 Avenue de Lorimier, Montreal, Quebec, Canada",12
488,CA,Montreal,HOTEL O LAVAL,"1375 Boulevard des Laurentides, Laval, Quebec, Canada",27
489,CA,Montreal,Au Doc Motel,"1424 rue Notre-Dame, Repentigny, Quebec, Canada",34
490,CA,Montreal,Days Inn by Wyndham Montmagny,"218 Chemin Des Poirier, Montmagny, Chaudiere-Appalaches, Quebec, Canada",325
491,CA,Montreal,La Chaumiere de l' Anse,"107, ch. de l'Anse, Mont Tremblant, Quebec, Canada",102
492,CA,Montreal,Sunset-on-The-River Bed and Breakfast,"4475 Route 102, Kingsclear, New Brunswick, Canada",24
493,CA,Montreal,Four Points by Sheraton Edmundston Hotel & Conference Center,"100 Rice St, Edmundston, New Brunswick, Canada",413
494,CA,Montreal,Quality Inn & Suites Amsterdam,"114 Millennium Dr, Quispamsis, New Brunswick, Canada",182
495,CA,Montreal,Bel Air Tremblant Resort & Residences,"80 rue des Sept Sommets, La Conception-Station, Quebec, Canada",248
496,CA,Montreal,Au NIDaigle,"1582 Principale St, Edmundston, New Brunswick, Canada",112
497,CA,Montreal,Gite a L'Augustine,"775 Rue Richelieu, Quebec City, Quebec, Canada",146
498,CA,Montreal,A la Maison Campbell B&B,"68, rue Bellevue, Magog, Quebec, Canada",138
499,CA,Montreal,Travelodge Fredericton,"42 Chaperral Rd, Waasis, New Brunswick, Canada",254
500,CA,Montreal,Hotel Oui GO!,"1413, Rue Notre-Dame Centre, Trois-Rivieres, Quebec, Canada",187
501,CA,Montreal,Chic-Chocs Montagne Lodge,"Rue Notre-Dame, 10, Cap-Chat, Gaspesie Region, Quebec, Canada",65
502,CA,Montreal,Auberge Hotel St-Andre,"211 St-Andre, Terrebonne, Quebec, Canada",59
503,CA,Montreal,Camping Choisy,"209 Route 201, Rigaud, Quebec, Canada",12
504,CA,Montreal,Sivananda Ashram Yoga Camp,"673 8th Avenue, Val Morin, Quebec, Canada",70
505,CA,Montreal,Le Petit Clocher B&B,"216 ave de l' Eglise, Saint Sauveur des Monts, Quebec, Canada",144
506,CA,Montreal,Auberge Le Tricorne Inn,"50 Chemin Gosselin, North Hatley, Quebec, Canada",114
507,CA,Montreal,Auberge Nuits St-Georges,"792 Rue Shefford, Bromont, Quebec, Canada",125
508,CA,Montreal,Auberge Bishop,"1447 Rue Bishop, Montreal, Quebec, Canada",43
509,CA,Montreal,Hotel & Suites Le Dauphin Drummondville,"600 Boulevard Saint-Joseph, Drummondville, Quebec, Canada",496
510,CA,Montreal,"Holiday Inn Express & Suites Brockville, an IHG Hotel","7815 Kent Blvd, Brockville, Ontario, Canada",279
511,CA,Montreal,Hotel Le President,"3535 King Street West, Sherbrooke, Quebec, Canada",1022
512,CA,Montreal,Riotel Matane,"250 Avenue Du Phare Est, Matane, Gaspesie Region, Quebec, Canada",920
513,CA,Montreal,Benner's Bed & Breakfast,"541 Besserer St, Ottawa, Ontario, Canada",123
514,CA,Montreal,Le Vertendre,"122, Chemin Gilbert, Eastman, Quebec, Canada",97
515,CA,Montreal,Auberge Aucoin,"87 De l'Eglise St, Edmundston, New Brunswick, Canada",102
516,CA,Montreal,Auberge du Lac-a-l'Eau-Claire,"500 chemin du Lac-A-L'Eau-Claire, Saint-Alexis-des-Monts, Quebec, Canada",769
517,CA,Montreal,Auberge du Mange Grenouille,"148, rue Sainte-Cecile, Le Bic, Rimouski, Bas-Saint-Laurent, Quebec, Canada",319
518,CA,Montreal,Travelodge Hotel & Convention Center Quebec City,"3125 Hochelaga Boulevard, Quebec City, Quebec, Canada",316
519,CA,Montreal,Hotel Victor,"1701 rue Saint Hubert, Montreal, Quebec, Canada",38
520,CA,Montreal,Bed & Breakfast de Chez Nous,"3717 Sainte-Famille St, Montreal, Quebec, Canada",12
521,CA,Montreal,The Cider House Bed & Breakfast,"74 Prince Edward Street, Brighton, Ontario, Canada",23
522,CA,Montreal,Mystic Meadow B&B,"6756 Pilon Point Rd, Summerstown, Ontario, Canada",15
523,CA,Montreal,Bed & Breakfast L'Heure Douce,"704 Rue Richelieu, Quebec City, Quebec, Canada",87
524,CA,Montreal,B A GUEST Bed and Breakfast,"2033 St-Hubert, Montreal, Quebec, Canada",3
525,CA,Montreal,Auberge Restaurant La Mara,"127 Chemin Gosford Sud, Ham-Sud, Quebec, Canada",64
526,CA,Montreal,Auberge Sur le Lac Temiscouata,"117 rue de l'Anse, Temiscouata-sur-le-Lac, Bas-Saint-Laurent, Quebec, Canada",53
527,CA,Montreal,Maison Hatley,"48 Rue de Hatley, Magog, Quebec, Canada",53
528,CA,Montreal,Lentracte Homestay,"425 Marie-anne Est, Montreal, Quebec, Canada",22
529,CA,Montreal,Haut Bois Dormant & Resto Epicurieux,"33 Main Street West, Notre Dame des Bois, Quebec, Canada",62
530,CA,Montreal,Gite Le Clic,"3953 rue de Bullion, Montreal, Quebec, Canada",9
531,CA,Montreal,Elk Lake Wilderness Resort,"590 Highway 65, Elk Lake, Northeastern Ontario, Ontario, Canada",8
532,CA,Montreal,Le Houseboy Bed & Breakfast,"1656 Sainte-Catherine Est, Montreal, Quebec, Canada",4
533,CA,Montreal,O Genet Bed & Breakfast,"2945 Concession 3, Plantagenet, Ontario, Canada",22
534,CA,Montreal,Mowat Landing Cottages,"Mowat Landing Rd, Temiskaming Shores, Northeastern Ontario, Ontario, Canada",19
535,CA,Montreal,Howard Johnson by Wyndham Cornwall,"1142 Brookdale Ave, Cornwall, Ontario, Canada",119
536,CA,Montreal,Montreal Backpackers Globetrotter Hostel,"1304, Mont-Royal Ave. Est,, Montreal, Quebec, Canada",7
537,CA,Montreal,Gite Gilbert,"1901 Avenue Clinton, Montreal, Quebec, Canada",16
538,CA,Montreal,Au Diable Vert,"169 Staines, Sutton, Quebec, Canada",251
539,CA,Montreal,Hotel L'Oiseliere - Montmagny,"105 chemin des Poirier, Montmagny, Chaudiere-Appalaches, Quebec, Canada",220
540,CA,Montreal,Hilltop Motel,"2287 Princess St, Kingston, Ontario, Canada",99
541,CA,Montreal,Sunset Inn on the Park,"641 Lakeshore Dr, North Bay, Northeastern Ontario, Ontario, Canada",191
542,CA,Montreal,The Refuge,"2672 Chemin du Village, Mont Tremblant, Quebec, Canada",221
543,CA,Montreal,Motel Loupi,"50 rue de l'Ancrage, Riviere du Loup, Bas-Saint-Laurent, Quebec, Canada",247
544,CA,Montreal,La Roma Motel,"32 Ch Iroquois, Edmundston, New Brunswick, Canada",121
545,CA,Montreal,Olux Hotel Motel & Suites,"1354 Des Laurentides, Laval, Quebec, Canada",91
546,CA,Montreal,Turtle Island Bed and Breakfast,"415 Stone St S, Gananoque, Ontario, Canada",155
547,CA,Montreal,Hotel Le Germain Quebec,"126 Rue Saint-Pierre, Quebec City, Quebec, Canada",1424
548,CA,Montreal,Auberge West Brome,"128 Route 139, West Brome, Lac-Brome, Quebec, Canada",443
549,CA,Montreal,Motel Bel-Eau,"600 Notre-Dame, Montebello, Outaouais Region, Quebec, Canada",119
550,CA,Montreal,Comfort Inn & Suites,"1394 Route Des Rivieres, Levis, Chaudiere-Appalaches, Quebec, Canada",210
551,CA,Montreal,Hilton Toronto / Markham Suites Conference Centre & Spa,"8500 Warden Avenue, Markham, Ontario, Canada",1304
552,CA,Montreal,Excelsior Hotel Spa Sainte-Adele,"3655 Boulevard de Sainte-Adele, Sainte-Adele, Quebec, Canada",221
553,CA,Montreal,The Loft at Nine Gables,"19 Maitland St, Picton, Prince Edward County, Ontario, Canada",124
554,CA,Montreal,Hotel-Motel Coconut,"7531 Notre-Dame Ouest, Trois-Rivieres, Quebec, Canada",93
555,CA,Montreal,Le Gite,"3619 rue De Bullion, Montreal, Quebec, Canada",23
556,CA,Montreal,Motel Rouleau,"513 St-Philippe, Alfred, Ontario, Canada",20
557,CA,Montreal,Century Motel,"1209 Brookdale Ave, Cornwall, Ontario, Canada",85
558,CA,Montreal,Ofuro Spa,"777, Chemin St-Adolphe, Morin Heights, Quebec, Canada",37
559,CA,Montreal,Motel Belle Riviere,"93 Chemin des Patriotes Est, Saint-Jean-sur-Richelieu, Quebec, Canada",61
560,CA,Montreal,Travelodge by Wyndham Rigaud,"50 Rue Saint-Jean-Baptiste Ouest, Rigaud, Quebec, Canada",43
561,CA,Montreal,Hotel & Motel La Marquise,"1700 Wellington South, Sherbrooke, Quebec, Canada",76
562,CA,Montreal,Grand Motel Toronto,"4626 Kingston Rd, Toronto, Ontario, Canada",49
563,CA,Montreal,B&B Au Manoir de la rue Merry,"92 Merry Sud, Magog, Quebec, Canada",424
564,CA,Montreal,Hotel Universel,"311, boul. Hotel-de-Ville, Riviere du Loup, Bas-Saint-Laurent, Quebec, Canada",580
565,CA,Montreal,Evo Montreal,"777 Boulevard Robert-bourassa, Montreal, Quebec, Canada",6
566,CA,Montreal,B&B l'Abat-Jour,"2064 rue Defondville, Quebec City, Quebec, Canada",48
567,CA,Montreal,The O'Brien House Bed and Breakfast,"39 Glenaire Mews, Kingston, Ontario, Canada",16
568,CA,Montreal,Motel la Bell Villa,"10e Ave, Senneterre, Quebec, Canada",18
569,CA,Montreal,B&B La Claire Fontaine,"1652 rue La Fontaine, Montreal, Quebec, Canada",2
570,CA,Montreal,La Belle Planete Downtown Quebec Hostel,"386 Rue du Pont, Quebec City, Quebec, Canada",70
571,CA,Montreal,Twilight Resort,"Highway 17 North, Batchawana Bay, Northeastern Ontario, Ontario, Canada",2
572,CA,Montreal,Motel Marie-Dan,"311 Rue des Bouleaux, Sainte-Eulalie, Quebec, Canada",32
573,CA,Montreal,Pierce Boutique Apartments,"1650 boulevard de Maisonneuve Ouest, Montreal, Quebec, Canada",11
574,CA,Montreal,Econo Lodge,"1981 Boulevard Cure Labelle, Laval, Quebec, Canada",34
575,CA,Montreal,Econo Hostel,"2156 Montgomery St, Montreal, Quebec, Canada",2
576,CA,Montreal,Hostelo,"901 Sherbrooke Street E, Montreal, Quebec, Canada",10
577,CA,Montreal,Auberge reBOOT Hostel,"4460 Ave. Christophe Colomb, Montreal, Quebec, Canada",28
578,CA,Montreal,Village des Neiges,"130 ch. Tour-de-l'Isle, Montreal, Quebec, Canada",14
579,CA,Montreal,Motel Royal,"1515 Boulevard Wilfrid-Hamel, Quebec City, Quebec, Canada",17
580,CA,Montreal,Motel Champlain,"7600 Boul. Marie-Victorin, Brossard, Quebec, Canada",13
581,CA,Montreal,Chesley's Inn,"40 First St W, Cornwall, Ontario, Canada",112
582,CA,Montreal,Auberge L'Estampilles,"24 Ch du Cap-aux-Corbeaux Nord, Baie-St-Paul, Charlevoix, Quebec, Canada",243
583,CA,Montreal,1858 Upscale Lofts In Old Montreal By Nuage,"227 Rue Saint-Paul Ouest, Montreal, Quebec, Canada",1
584,CA,Montreal,Gite Un Air D'ete,"8988 Boulevard Sainte-Anne, Chateau Richer, Quebec, Canada",117
585,CA,Montreal,Studiotel Bromont,"229 Boulevard de Bromont, Bromont, Quebec, Canada",127
586,CA,Montreal,Chateau Vieux-Montreal,"452 / 452A Notre-Dame East, Montreal, Quebec, Canada",2
587,CA,Montreal,La Bergerie B&B,"373, chemin Morgan, Sutton, Quebec, Canada",82
588,CA,Montreal,Days Inn by Wyndham Ste. Helene-de-Bagot,"410 rue Couture, Sainte-Helene-de-Bagot, Quebec, Canada",151
589,CA,Montreal,Residence Maria Goretti- Pour Femmes,"3333 Chemin de la Cote-Sainte-Catherine, Montreal, Quebec, Canada",6
590,CA,Montreal,Grand Times Hotel Sherbrooke,"1 rue Belvedere Sud, Sherbrooke, Quebec, Canada",433
591,CA,Montreal,Seaway Manor Bed and Breakfast,"465 Stone St S, Gananoque, Ontario, Canada",126
592,CA,Montreal,Ye Olde Walkerville Bed & Breakfast,"1104 Monmouth Rd, Windsor, Ontario, Canada",84
593,CA,Montreal,Auberge Saint-Pierre,"79, rue Saint Pierre, Quebec City, Quebec, Canada",1843
594,CA,Montreal,La Maison du Jardin,"3744 St-Andre, Montreal, Quebec, Canada",6
595,CA,Montreal,Accommodations International Bed & Breakfast Guest House,"2002 rue de Champlain, Montreal, Quebec, Canada",1
596,CA,Montreal,Aux Couleurs du Monde,"3454 rue Oxford, Montreal, Quebec, Canada",4
597,CA,Montreal,Le Botaniste,"6560, 28E Avenue, Montreal, Quebec, Canada",1
598,CA,Montreal,Auberge Du Lac Malcom,"123 route du Lac-Malcolm,, Sayabec, Gaspesie Region, Quebec, Canada",30
599,CA,Montreal,Les Chalets du Lac Grenier,"100 rue des Mille-Feuilles, Chertsey, Quebec, Canada",54
600,CA,Montreal,The Colonel's Inn,"408 East Street, Prescott, Ontario, Canada",80
601,CA,Montreal,Hostellerie du Suroit,"255 rue Principale, Beauharnois, Quebec, Canada",12
602,CA,Montreal,Stiles Motel,"827 Main St, Woodstock, New Brunswick, Canada",86
603,CA,Montreal,Le Fruit Defendu Restaurant Auberge,"1342 Rang Double, Rougemont, Quebec, Canada",41
604,CA,Montreal,BB Saffron,"Chemin du Plateau 40, Mont Tremblant, Quebec, Canada",6
605,CA,Montreal,Casa Loma Court,"25 John St., Wasaga Beach, Ontario, Canada",4
606,CA,Montreal,Netherdale Bed and Breakfast,"577 Greenlane Rd, Hawkesbury, Ontario, Canada",5
607,CA,Montreal,Les Jalousies Pervenche,"42 Saint-Michel, Oka, Quebec, Canada",2
608,CA,Montreal,Brigadoon B&B,"29 Main, Hudson, Quebec, Canada",4
609,CA,Montreal,Maison Elzear Ouellet,"5, Rue Laurier Est, Victoriaville, Quebec, Canada",21
610,CA,Montreal,Mohawk Motel Canada,"335 Sauble Street, Massey, Northeastern Ontario, Ontario, Canada",82
611,CA,Montreal,Destination Stays Griffintown Montreal,"5082 Notre Dame Ouest, Montreal, Quebec, Canada",5
612,CA,Montreal,Best Western Plus Mont-Laurier,"1231, boulevard Dr Albiny-Paquette, Mont Laurier, Outaouais Region, Quebec, Canada",198
613,CA,Montreal,Le Gaspesiana,"route de la Mer, Sainte-Flavie, Gaspesie Region, Quebec, Canada",340
614,CA,Montreal,Le Noranda Hotel & Spa,"41, 6e Rue, Rouyn-Noranda, Quebec, Canada",108
615,CA,Montreal,Auberge Knowlton,"286 Chemin Knowlton, Knowlton, Lac-Brome, Quebec, Canada",65
616,CA,Montreal,Hotel des Coutellier,"253 rue St-Paul, Quebec City, Quebec, Canada",1942
617,CA,Montreal,Comfort Inn Sherbrooke,"4295 Boulevard Bourque, Sherbrooke, Quebec, Canada",110
618,CA,Montreal,Hotel Le Clos Saint-Louis,"69 rue St-Louis, Quebec City, Quebec, Canada",817
619,CA,Montreal,Dolphin Motel,"1190 Pacific Rim Highway, Tofino, Clayoquot Sound, Alberni-Clayoquot Regional District, Vancouver Island, British Columbia, Canada",69
620,CA,Montreal,Hotel Lac Carling Golf & Spa,"2255 Route 327 Nord, Grenville-sur-la-Rouge, Quebec, Canada",110
621,CA,Montreal,Maple Crest Inn,"1454 Princess St, Kingston, Ontario, Canada",224
622,CA,Montreal,John XXIII Pavilion,"3800, chemin Queen Mary, Montreal, Quebec, Canada",7
623,CA,Montreal,Motel Le Paysan,"12400 Rue Sherbrooke Est, Montreal, Quebec, Canada",10
624,CA,Montreal,Hygie Boutique Hotel,"401 Notre-Dame East, Montreal, Quebec, Canada",8
625,CA,Montreal,Sarkar Suites,"212 Rue Sainte-Catherine Est, Montreal, Quebec, Canada",2
626,CA,Montreal,The Durocher Apartments,"3455 Rue Durocher, Montreal, Quebec, Canada",1
627,CA,Montreal,The Waddell,"1 Walton St, Port Hope, Ontario, Canada",124
628,CA,Montreal,Vacances Canada M.D,"5155, avenue de Gaspe, Montreal, Quebec, Canada",4
629,CA,Montreal,Jardin de Samos,"5159 Drolet, Montreal, Quebec, Canada",1
630,CA,Montreal,La Nouvelle Maison JY,"2395 St-Jacques, Montreal, Quebec, Canada",11
631,CA,Montreal,Auberge Sainte Denis,"5494 Saint Denis, Montreal, Quebec, Canada",1
632,CA,Montreal,Hotel Rasco,"281 Rue Saint-Paul Est, Montreal, Quebec, Canada",2
633,CA,Montreal,Les Apartments Stanley Court,"1431 Rue Stanley, Montreal, Quebec, Canada",8
634,CA,Montreal,Auberge Willow Inn,"208 Rue Main, Hudson, Quebec, Canada",8
635,CA,Montreal,Motel au P'tit Sapin,"16033 Boul. Cure-Labelle, Mirabel, Quebec, Canada",5
636,CA,Montreal,Prince of Wales,"6 Picton St, Niagara-on-the-Lake, Ontario, Canada",2655
637,CA,Montreal,Motel Derfal,"1435 rue Notre-Dame, Repentigny, Quebec, Canada",20
638,CA,Montreal,Auberge Laetus Le Joyeux,"4333, chemin du lac Brennan, Rawdon, Quebec, Canada",16
639,CA,Montreal,Auberge Du Petit Train du Nord,"3065 Rue Rolland, Sainte-Adele, Quebec, Canada",6
640,CA,Montreal,Motel Joliette,"2070 Rue de la Visitation, Joliette, Quebec, Canada",13
641,CA,Montreal,Auberge Motel Le St-Georges,"130, rue Francois-Duclos, Trois-Rivieres, Quebec, Canada",15
642,CA,Montreal,Hotel Motel Bon Accueil,"208 rue Principale, Riviere-Madeleine, Gaspesie Region, Quebec, Canada",24
643,CA,Montreal,Auberge l'Ile de France,"2188, Chemin Du Tour Du Lac, Nominingue, Quebec, Canada",155
644,CA,Montreal,Hotel Paulin,"143 St-Pierre Blvd W, Caraquet, New Brunswick, Canada",105
645,CA,Montreal,Une Fleur au Bord de l Eau,"90 Drummond, Granby, Quebec, Canada",49
646,CA,Montreal,Motel 149,"149 Route 117, Mont Tremblant, Quebec, Canada",48
647,CA,Montreal,Camping St-Basile,"14411 Route 144, Edmundston, New Brunswick, Canada",25
648,CA,Montreal,Auberge la Courtepointe,"8, rue Racine, Petite-Riviere-Saint-Francois, Charlevoix, Quebec, Canada",55
649,CA,Montreal,Entre Cimes et Racines,"80 Chemin Simard, East Bolton, Quebec, Canada",70
650,CA,Montreal,Hotel & Suites Les Laurentides,"190 Chemin De La Gare, Saint Sauveur des Monts, Quebec, Canada",195
651,CA,Montreal,Quality Inn,"3825 Blvd Wilfrid-Hamel, Quebec City, Quebec, Canada",287
652,CA,Montreal,Saintlo Ottawa Jail Hostel,"75 Nicholas St, Ottawa, Ontario, Canada",632
653,CA,Montreal,Le Village Windigo,"548, Chemin du Windigo, Ferme-Neuve, Quebec, Canada",264
654,CA,Montreal,Lune et Croissant,"1300 Main, Ayer's Cliff, Quebec, Canada",15
655,CA,Montreal,Gite Grand Moment,"19 rue Caldwell, Temiscouata-sur-le-Lac, Bas-Saint-Laurent, Quebec, Canada",25
656,CA,Montreal,Blanche Dubois at Elysian Fields,"198 John St, Napanee, Lennox and Addington County, Ontario, Canada",12
657,CA,Montreal,Auberge de l’ile aux Perroquets,"878, chemin du Roi, Longue-Pointe-de-Mingan, Quebec, Canada",13
658,CA,Montreal,En Passant B&B,"425 Anthony Street, Cornwall, Ontario, Canada",10
659,CA,Montreal,Asseline de Ronval,"354, rue Richelieu, Quebec City, Quebec, Canada",30
660,CA,Montreal,La Tourelle du Cap,"1515, boulevard Malcolm-Fraser, La Malbaie, Charlevoix, Quebec, Canada",32
661,CA,Montreal,Le Manoir du Rocher de Grand-Mere,"85, 6e Avenue, Grand-Mere, Shawinigan, Quebec, Canada",57
662,CA,Montreal,La Maison Drew Bed and Breakfast,"206 rue Des Pins, Magog, Quebec, Canada",30
663,CA,Montreal,Gite Vita Bella B&B,"280 Chemin de Bellefeuille, Saint-Adolphe-d'Howard, Quebec, Canada",27
664,CA,Montreal,Brighton Inn,"40 Young St, Brighton, Ontario, Canada",142
665,CA,Montreal,Campus1 MTL,"420 Sherbrooke Street West, Montreal, Quebec, Canada",10
666,CA,Montreal,The Parc Lofts,"3456 Avenue Du Parc, Montreal, Quebec, Canada",1
667,CA,Montreal,Best Western Fireside Inn,"1217 Princess St, Kingston, Ontario, Canada",1521
668,CA,Montreal,Hotel & Spa Le Germain Charlevoix,"50 Rue De La Ferme, Baie-St-Paul, Charlevoix, Quebec, Canada",863
669,CA,Montreal,Auberge Motel Le Pigeonnier,"701, Principale Ouest, Farnham, Quebec, Canada",24
670,CA,Montreal,Auberge Internationale Rivire-du-Loup,"46 Rue Hotel de Ville, Riviere du Loup, Bas-Saint-Laurent, Quebec, Canada",56
671,CA,Montreal,Motel Chantolac,"156 Rue Morin, Sainte-Adele, Quebec, Canada",43
672,CA,Montreal,Motel Les Pignons Verts,"120 Avenue Lepine, Buckingham, Gatineau, Outaouais Region, Quebec, Canada",33
673,CA,Montreal,Hotel Le Mirage,"365 Boulevard Sir Wilfrid-Laurier, Saint-Basile-le-Grand, Quebec, Canada",36
674,CA,Montreal,Condominiums O'berge Du Village,"261 Rue Merry Sud, Magog, Quebec, Canada",24
675,CA,Montreal,Travelodge by Wyndham Victoriaville,"1000, Boulevard Jutras Est, Victoriaville, Quebec, Canada",50
676,CA,Montreal,Best Western Plus Edmundston Hotel,"280 Boul Hebert, Edmundston, New Brunswick, Canada",1361
677,CA,Montreal,Lord's Seaside Cottages,"258 Lord's Seaside Lane, Cape Traverse, Prince Edward Island, Canada",18
678,CA,Montreal,Fairview Inn,"2020 Vincent Massey Dr, Cornwall, Ontario, Canada",16
679,CA,Montreal,Stephanie's Hotel,"1686 Highway 34, Hawkesbury, Ontario, Canada",24
680,CA,Montreal,Residence Lalemant College Brebeuf,"5625 Avenue Decelles, Montreal, Quebec, Canada",9
681,CA,Montreal,Rideau Rendezvous,"4200 Mangan Blvd, Kingston, Ontario, Canada",21
682,CA,Montreal,Nightingale House,"1 Maxwell Ave., Ingleside, Ontario, Canada",7
683,CA,Montreal,Montreal Backpackers Hippie Hostel,"4106 Saint Dominique, Montreal, Quebec, Canada",1
684,CA,Montreal,Delta Hotels by Marriott Quebec,"690 Boul Rene Levesque Est, Quebec City, Quebec, Canada",1600
685,CA,Montreal,Auberge Le Voyageur,"900 rue Coupal, Mont Tremblant, Quebec, Canada",257
686,CA,Montreal,Fairfield Inn & Suites Ottawa Airport,"135 Thad Johnson Private, Ottawa, Ontario, Canada",140
687,CA,Montreal,Best Western Hotel Universel Drummondville,"915 Rue Hains, Drummondville, Quebec, Canada",688
688,CA,Montreal,Hotel Acadia,"43, rue Sainte-Ursule, Quebec City, Quebec, Canada",1160
689,CA,Montreal,Auberge Du Lac Taureau,"1200, Chemin de la Baie-du-Milieu, Saint Michel des Saints, Quebec, Canada",1013
690,CA,Montreal,Montreal Guest House,"1258 Amherst, Montreal, Quebec, Canada",2
691,CA,Montreal,Terrace Green Bed & Breakfast,"11952 County Road 43, Winchester, Ontario, Canada",69
692,CA,Montreal,Hampton Inn by Hilton Napanee,"40 McPherson Drive, Napanee, Lennox and Addington County, Ontario, Canada",515
693,CA,Montreal,Super 8 by Wyndham Trois-Rivieres,"3185 Blvd. Saint-Jean, Trois-Rivieres, Quebec, Canada",763
694,CA,Montreal,"Natur'Eau, Spa et Chalets","22, Chemin Natur'Eau, Mandeville, Quebec, Canada",28
695,CA,Montreal,Toronto Marriott City Centre Hotel,"One Blue Jays Way, Toronto, Ontario, Canada",2512
696,CA,Montreal,Daigle's Motel & Restaurant,"68 Du Pont St, Saint Leonard, New Brunswick, Canada",67
697,CA,Montreal,Super 8 by Wyndham St-Jerome,"3 John F. Kennedy, Saint Jerome, Quebec, Canada",389
698,CA,Montreal,Days Inn by Wyndham Edmundston,"10 Mathieu St, Edmundston, New Brunswick, Canada",1746
699,CA,Montreal,Days Inn by Wyndham Brockville,"160 Stewart Blvd, Brockville, Ontario, Canada",572
700,CA,Montreal,Travelodge Brockville,"7789 Kent Blvd, Brockville, Ontario, Canada",510
701,CA,Montreal,Auberge des Falaises,"250 Chemin des Falaises, La Malbaie, Charlevoix, Quebec, Canada",402
702,CA,Montreal,Auberge lac du Pin rouge,"81 Chemin Lac du Pin Rouge, Saint Hippolyte, Quebec, Canada",11
703,CA,Montreal,Domaine Ste-Agathe Resort,"650 du Domaine Street,, Sainte Agathe des Monts, Quebec, Canada",290
704,CA,Montreal,A Moment in Time Bed & Breakfast,"5982 Culp St, Niagara Falls, Ontario, Canada",79
705,CA,Montreal,Les Lofts 1048,"1048 rue Saint-Jean, Quebec City, Quebec, Canada",139
706,CA,Montreal,Harlem Stonegate B&B,"2341 Harlem Rd., Elgin, Rideau Lakes, Ontario, Canada",53
707,CA,Montreal,Yellow Door Bed And Breakfast,"308 Helen St., Crystal Beach, Fort Erie, Ontario, Canada",101
708,CA,Montreal,Hotel Nomad - l'esprit de curiosite,"15 Avenue Sainte-Genevieve, Quebec City, Quebec, Canada",873
709,CA,Montreal,Camping Canne de Bois,"306 Route 219, Hemmingford, Quebec, Canada",16
710,CA,Montreal,Quality Inn & Suites Levis,"5800 Rue Des Arpents, Levis, Chaudiere-Appalaches, Quebec, Canada",703
711,CA,Montreal,La Cache A Maxime,"265, rue Drouin, Scott, Sainte-Marie, Chaudiere-Appalaches, Quebec, Canada",675
712,CA,Montreal,DoubleTree by Hilton Quebec Resort,"7900 Rue Du Marigot, Quebec City, Quebec, Canada",123
713,CA,Montreal,Stonehaven Le Manoir,"40 Chemin Du Lac Des Sables, Sainte Agathe des Monts, Quebec, Canada",148
714,CA,Montreal,Salmon River Motel,"6421 Old Hwy 2, Shannonville, Ontario, Canada",8
715,CA,Montreal,Place 19-67,"200 Old Highway 17, Plantagenet, Ontario, Canada",2
716,CA,Montreal,Auberge Hotel Spa Watel,"250 Rue Saint Venant, Sainte Agathe des Monts, Quebec, Canada",439
717,CA,Montreal,Auberge La Grande Maison,"160 St-Jean Baptiste, Baie-St-Paul, Charlevoix, Quebec, Canada",277
718,CA,Montreal,Holiday Country Manor,"5208 Battersea Rd, Battersea, South Frontenac, Ontario, Canada",31
719,CA,Montreal,La Seigneurie du Triton,"1893 Chemin Du Triton, Lac-Edouard, Quebec, Canada",398
720,CA,Montreal,Hotel Le Manoir Belle Plage,"474, Perron Boulevard, Carleton-sur-Mer, Gaspesie Region, Quebec, Canada",534
721,CA,Montreal,Gite Ici et Maintenant,"121, rue Abbott, Magog, Quebec, Canada",72
722,CA,Montreal,Gite des Rapides,"7767 Rue Edouard, Montreal, Quebec, Canada",3
723,CA,Montreal,Drake Motor Inn,"43 Wharf ST, Wellington, Prince Edward County, Ontario, Canada",38
724,CA,Montreal,Gite De La Madelon,"20 rue Baillarge, Vercheres, Quebec, Canada",2
725,CA,Montreal,Royal Inn + Suites,"3 Royal Street, Happy Valley-Goose Bay, Labrador, Newfoundland and Labrador, Canada",89
726,CA,Montreal,Voyageur's Lodge & Cookhouse,"Highway 17 North, Batchawana Bay, Northeastern Ontario, Ontario, Canada",106
727,CA,Montreal,Hotel Quartier - Ascend Hotel Collection,"2955 Boulevard Laurier, Quebec City, Quebec, Canada",167
728,CA,Montreal,Comfort Inn Baie-Comeau,"745 Boulevard Lafleche, Baie Comeau, Quebec, Canada",147
729,CA,Montreal,Gite l'Etoile du Havre,"405 Youghall Dr, Bathurst, New Brunswick, Canada",125
730,CA,Montreal,White Rock Motel,"169 Main St N, Alexandria, Ontario, Canada",79
731,CA,Montreal,Timber House Resort,"116 Cedardale Road, Brighton, Ontario, Canada",89
732,CA,Montreal,Village historique de Val-Jalbert - Hebergement et Camping,"95, rue Saint-Georges, Chambord, Saguenay–Lac-Saint-Jean Region, Quebec, Canada",304
733,CA,Montreal,Chalets du Bout du Monde,"1141 Route Haldimand, Gaspe, Gaspesie Region, Quebec, Canada",262
734,CA,Montreal,Le Georgesville,"300, 118e Rue, Saint Georges, Chaudiere-Appalaches, Quebec, Canada",134
735,CA,Montreal,Motel Ours Bleu,"19, chemin de la Presqu'ile, Lac-Saguay, Quebec, Canada",187
736,CA,Montreal,Auberge des Cevennes,"294 St-Jean-Baptiste, L'Anse-Saint-Jean, Saguenay–Lac-Saint-Jean Region, Quebec, Canada",157
737,CA,Montreal,Couette et Cafe 253,"253, rue de la Reine, Quebec City, Quebec, Canada",165
738,CA,Montreal,Auberge du Lac Champlain,"257 Avenue Venise Ouest, Venise-en-Quebec, Quebec, Canada",101
739,CA,Montreal,A Cherry Place Bed and Breakfast,"899 Brodie Ave, Kingston, Ontario, Canada",74
740,CA,Montreal,Auberge Bruine Oceane,"125, rue Druillettes, Matane, Gaspesie Region, Quebec, Canada",181
741,CA,Montreal,Chez Marie-Claire,"62 rue Ste-Ursule, Quebec City, Quebec, Canada",183
742,CA,Montreal,Le Canard Huppe,"St. Lawrence Road, Saint-Laurent-de-l'Ile-d'Orleans, Ile d'Orleans, Quebec, Canada",178
743,CA,Montreal,Motel le Marquis,"989A, Notre-Dame, rte 138 Est, Trois-Rivieres, Quebec, Canada",144
744,CA,Montreal,B&B Tekdiv,"24 Selton School Rd, Lansdowne, Ontario, Canada",42
745,CA,Montreal,Super 8 by Wyndham Sainte Agathe Des Monts,"500 Rue Leonard, Sainte Agathe des Monts, Quebec, Canada",553
746,CA,Montreal,Le Septentrion B&B,"901 Ch. St-Adolphe, Morin Heights, Quebec, Canada",38
747,CA,Montreal,Aux Douceurs Du Passant,"527 Notre-Dame, Montebello, Outaouais Region, Quebec, Canada",62
748,CA,Montreal,A la Maison d'Amitie,"197 Baseline Road, Mavillette, Municipality of Clare, Southwest Nova Scotia, Nova Scotia, Canada",29
749,CA,Montreal,Paddington Place Bed & Breakfast,"413 Paddington Cres, Oshawa, Ontario, Canada",42
750,CA,Montreal,Absolute 1000 Islands Suites,"22 Church St, Gananoque, Ontario, Canada",60
751,CA,Montreal,Relais Magpie Relay Resort,"24 Rue des Pins, Dubreuilville, Northeastern Ontario, Ontario, Canada",100
752,CA,Montreal,Comfort Inn,"605 Bloor St W, Oshawa, Ontario, Canada",142
753,CA,Montreal,Cheticamp Motel,"14764 Cabot Trail, Cheticamp, Cape Breton Island, Nova Scotia, Canada",40
754,CA,Montreal,Motel Boulevard Cartier,"80, boul. Cartier, Riviere du Loup, Bas-Saint-Laurent, Quebec, Canada",53
755,CA,Montreal,Auberge La Grange de l'Ile,"517 Chemin du Carrefour, Saint-Pierre-de-l'lle-d'Orleans, Ile d'Orleans, Quebec, Canada",54
756,CA,Montreal,Days Inn by Wyndham Trois-Rivieres,"3155 Boulevard Saint Jean, Trois-Rivieres, Quebec, Canada",237
757,CA,Montreal,"InterContinental Toronto Centre, an IHG Hotel","225 Front Street West, Toronto, Ontario, Canada",3334
758,CA,Montreal,Residence Inn Toronto Downtown/Entertainment District,"255 Wellington St W, Toronto, Ontario, Canada",1967
759,CA,Montreal,Downtown Mcgill & Guy,"3730 A Chemin de la Cote-des-Neiges, Montreal, Quebec, Canada",1
760,CA,Montreal,Gite au Rythme du temps,"30 rue Guy, Saint-Come, Quebec, Canada",1
761,CA,Montreal,La Maison Sur Sherbrooke,"Rue Sherbrooke Est 2920, Montreal, Quebec, Canada",1
762,CA,Montreal,MTLVacationrentals-The MTLVR Kisses,"4494 Rue Garnier, Montreal, Quebec, Canada",1
763,CA,Montreal,Quality Inn & Suites,"1 Boul. Arthabaska est., Victoriaville, Quebec, Canada",168
764,CA,Montreal,Manoir Alpine,"1455 Chemin Pierre Peladeau, Sainte-Adele, Quebec, Canada",9
765,CA,Montreal,Motel Normandie,"1111 boulevard St-Laurent Ouest, Louiseville, Quebec, Canada",22
766,CA,Montreal,Cardinal/Ottawa South KOA,"609 Pittston Road, Cardinal, Ontario, Canada",118
767,CA,Montreal,Merland Park Cottages,"12488 Loyalist Parkway, Picton, Prince Edward County, Ontario, Canada",86
768,CA,Montreal,Chateau Madelinot,"323 Qc-199, Fatima, Ile du Cap aux Meules, Iles de la Madeleine, Quebec, Canada",102
769,CA,Montreal,124 on Queen Hotel and Spa,"124 Queen Street, Niagara-on-the-Lake, Ontario, Canada",735
770,CA,Montreal,"The Ritz-Carlton, Toronto","181 Wellington St W, Toronto, Ontario, Canada",2050
771,CA,Montreal,Fairmont Le Chateau Frontenac,"1 Rue des Carrieres, Quebec City, Quebec, Canada",7422
772,CA,Montreal,The Westin Ottawa,"11 Colonel By Drive, Ottawa, Ontario, Canada",2589
773,CA,Montreal,Residences Universitaires UQAM East,"303 Boulevard Rene-Levesque Est, Montreal, Quebec, Canada",26
774,CA,Montreal,Fairmont Waterfront,"900 Canada Place Way, Vancouver, British Columbia, Canada",4393
775,CA,Montreal,Lord Nelson Motel,"1664 Highway 15, Kingston, Ontario, Canada",257
776,CA,Montreal,L'Auberge des Battures,"6295 Boul. de la Grande Baie Sud, La Baie, Saguenay, Saguenay–Lac-Saint-Jean Region, Quebec, Canada",237
777,CA,Montreal,Auberge Cap Martin,"93, Route 132 Ouest, La Pocatiere, Bas-Saint-Laurent, Quebec, Canada",62
778,CA,Montreal,1000 Islands / Kingston KOA,"2039 Corduke's Rd, Kingston, Ontario, Canada",61
779,CA,Montreal,Auberge Chateau Lamontagne,"170, 1ere Avenue Est, Sainte Anne des Monts, Gaspesie Region, Quebec, Canada",98
780,CA,Montreal,Hotel Motel Manoir de Perce,"212 Route 132 ouest, Perce, Gaspesie Region, Quebec, Canada",146
781,CA,Montreal,Chateau Logue Hotel,"12 rue Comeau, Maniwaki, Outaouais Region, Quebec, Canada",74
782,CA,Montreal,Comfort Inn & Suites,"31 Community Road, Napanee, Lennox and Addington County, Ontario, Canada",31
783,CA,Montreal,Motel de l'Outlet,"82 rue de Hatley, Magog, Quebec, Canada",89
784,CA,Montreal,Grand Times Hotel Drummondville,"530 Rue St Amant, Drummondville, Quebec, Canada",141
785,CA,Montreal,Auberge Montebello,"676 Notre-Dame, Montebello, Outaouais Region, Quebec, Canada",114
786,CA,Montreal,Ottawa Municipal Campground,"411 Corkstown Rd, Ottawa, Ontario, Canada",32
787,CA,Montreal,Travelodge by Wyndham Trois-Rivieres,"3600 Boul. Gene H Kruger, Trois-Rivieres, Quebec, Canada",327
788,CA,Montreal,Quality Hotel & Suites,"4206 King Street West, Sherbrooke, Quebec, Canada",78
789,CA,Montreal,Comfort Inn Trois Rivieres,"6255 rue Corbeil, Trois-Rivieres, Quebec, Canada",105
790,CA,Montreal,Auberge Lakeview,"50 rue Victoria, Knowlton, Lac-Brome, Quebec, Canada",71
791,CA,Montreal,River Rock Inn,"2808 Chamberland St, Rockland, Ontario, Canada",77
792,CA,Montreal,Domaine Belle Plage,"192 rue sainte-Anne, Baie-St-Paul, Charlevoix, Quebec, Canada",146
793,CA,Montreal,Travelodge Baie Comeau,"285 Boulevard La Salle, Baie Comeau, Quebec, Canada",173
794,CA,Montreal,Cafe Krieghoff,"1091 Cartier Ave, Quebec City, Quebec, Canada",91
795,CA,Montreal,Motel Tremblant,"Highway 117, Km 111, Mont Tremblant, Quebec, Canada",71
796,CA,Montreal,Complexe Le 60,"600 chemin Des Frenes, Piedmont, Quebec, Canada",121
797,CA,Montreal,Travelodge Baie Comeau,"285 Boulevard La Salle, Baie Comeau, Quebec, Canada",173
798,CA,Montreal,Motel Le Jolibourg,"60 rue Principale, Saint Sauveur des Monts, Quebec, Canada",129
799,CA,Montreal,"Hotel Le Victorin, Ascend Hotel Collection","19 Boulevard Arthabaska East, Victoriaville, Quebec, Canada",173
800,CA,Montreal,Deep River Motel,"33695 Highway 17 West, Deep River, Ontario, Canada",59
801,CA,Montreal,Hotel Bourbon,"1578 Ste-Catherine Est, Montreal, Quebec, Canada",5
802,CA,Montreal,Montreals Discovery Center,"2131 Rue Saint-Christophe, Montreal, Quebec, Canada",1
803,CA,Montreal,Bookit Montreal - Rue Saint Hubert,"2024 Rue Saint Hubert, Montreal, Quebec, Canada",1
804,CA,Montreal,Gite B&B Montreal,"6567 Boulevard Pie-IX, Montreal, Quebec, Canada",4
805,CA,Montreal,Studio St-Denis,"3947 St Denis, Montreal, Quebec, Canada",2
806,CA,Montreal,Auberge The King Edward Bed and Breakfast,"525 King Edward Ave, Ottawa, Ontario, Canada",658
807,CA,Montreal,"The Westin Harbour Castle, Toronto","1 Harbour Square, Toronto, Ontario, Canada",5462
808,CA,Montreal,Hilton Toronto,"145 Richmond Street West, Toronto, Ontario, Canada",3987
809,CA,Montreal,Fairmont Tremblant,"3045 Chemin de la Chapelle, Mont Tremblant, Quebec, Canada",2311
810,CA,Montreal,Travel Inn & Suites,"915 George Street, Hearst, Northeastern Ontario, Ontario, Canada",64
